model,screen,source,run,delta,constant,hit_count,opportunity,deployment_only,hit_deployment,opportunity_deployment
gemma3_4b,Carnevale22_Adenosine,Carnevale,5001,-2,-2.087500000000001,-2.971167385822311,-1.5057033967027043,-3.2176369863013647,-4.305318828867547,-3.155013203790809
gemma3_4b,Carnevale22_Adenosine,Carnevale,5002,-1,-2.087500000000001,-3.1832824838927634,-2.8161289181330997,-3.2176369863013647,-4.522915734423191,-4.507869294663109
gemma3_4b,Carnevale22_Adenosine,Carnevale,5003,-5,-2.087500000000001,-3.873539738356759,-1.224748675803321,-3.2176369863013647,-5.231011687870188,-2.9959464462425998
gemma3_4b,Carnevale22_Adenosine,Carnevale,5004,-3,-2.087500000000001,-3.1832824838927634,-3.1498187106558717,-3.2176369863013647,-4.522915734423191,-4.8207574178552495
gemma3_4b,Carnevale22_Adenosine,Carnevale,5005,-2,-2.087500000000001,-4.017171769777988,-4.4812612269969545,-3.2176369863013647,-5.3783556811089435,-6.129250811203365
gemma3_4b,Carnevale22_Adenosine,Carnevale,5006,-5,-2.087500000000001,-3.1832824838927634,-2.9207498556297695,-3.2176369863013647,-4.522915734423191,-4.570907435059134
gemma3_4b,Carnevale22_Adenosine,Carnevale,5007,0,-2.087500000000001,-4.017171769777988,-4.1189134185027205,-3.2176369863013647,-5.3783556811089435,-5.795124821842804
gemma3_4b,Carnevale22_Adenosine,Carnevale,5008,-1,-2.087500000000001,-3.3769283966514223,-2.6548341560969426,-3.2176369863013647,-4.721566145323159,-4.363172097840081
gemma3_4b,Carnevale22_Adenosine,Carnevale,5009,1,-2.087500000000001,-3.873539738356759,-1.976639062265752,-3.2176369863013647,-5.231011687870188,-3.7110662058529584
gemma3_4b,Carnevale22_Adenosine,Carnevale,5010,9,-2.087500000000001,-2.177378717411842,-3.241564279748911,-3.2176369863013647,-3.491015842034032,-4.86976967805282
gemma3_4b,Carnevale22_Adenosine,Carnevale,5011,4,-2.087500000000001,-2.971167385822311,-2.5757813444722055,-3.2176369863013647,-4.305318828867547,-4.1977248881367135
gemma3_4b,Carnevale22_Adenosine,Carnevale,5012,-6,-2.087500000000001,-3.873539738356759,-1.976639062265752,-3.2176369863013647,-5.231011687870188,-3.7110662058529584
gemma3_4b,Carnevale22_Adenosine,Carnevale,5013,1,-2.087500000000001,-3.3769283966514223,-1.640144748351381,-3.2176369863013647,-4.721566145323159,-3.328928375084499
gemma3_4b,Carnevale22_Adenosine,Carnevale,5014,-3,-2.087500000000001,-4.152093324101756,-3.8785246629645,-3.2176369863013647,-5.516764087585781,-5.49605087297772
gemma3_4b,Carnevale22_Adenosine,Carnevale,5015,-2,-2.087500000000001,-3.7199944430728564,-0.787278267356621,-3.2176369863013647,-5.0734982368224575,-2.5421137344011715
gemma3_4b,Carnevale22_Adenosine,Carnevale,5016,-10,-2.087500000000001,-4.152093324101756,-2.726029747024093,-3.2176369863013647,-5.516764087585781,-4.440945301865092
gemma3_4b,Carnevale22_Adenosine,Carnevale,5017,0,-2.087500000000001,-3.5550653681989917,-2.8804797266511635,-3.2176369863013647,-4.904306808889363,-4.530611994919669
gemma3_4b,Carnevale22_Adenosine,Carnevale,5018,0,-2.087500000000001,-3.7199944430728564,-4.103500069792479,-3.2176369863013647,-5.0734982368224575,-5.75626428396189
gemma3_4b,Carnevale22_Adenosine,Carnevale,5019,1,-2.087500000000001,-3.5550653681989917,-2.363445138345377,-3.2176369863013647,-4.904306808889363,-4.031266692721223
gemma3_4b,Carnevale22_Adenosine,Carnevale,5020,-7,-2.087500000000001,-3.1832824838927634,-2.8135504972210024,-3.2176369863013647,-4.522915734423191,-4.477279866713886
llama31_8b,Carnevale22_Adenosine,Carnevale,5001,3,-2.087500000000001,-4.017171769777988,-5.314933883669035,-0.357363013698639,-2.381435103131913,-3.7040351776966243
llama31_8b,Carnevale22_Adenosine,Carnevale,5002,-6,-2.087500000000001,-3.7199944430728564,-3.047882057860267,-0.357363013698639,-2.076577658845427,-1.5380675247764908
llama31_8b,Carnevale22_Adenosine,Carnevale,5003,2,-2.087500000000001,-3.873539738356759,-4.3586074457807005,-0.357363013698639,-2.234091109893157,-2.7954853599649963
llama31_8b,Carnevale22_Adenosine,Carnevale,5004,9,-2.087500000000001,-4.27930074918587,-5.325626794030796,-0.357363013698639,-2.6503384263487697,-3.6858944269936162
llama31_8b,Carnevale22_Adenosine,Carnevale,5005,0,-2.087500000000001,-4.017171769777988,-2.883564829470547,-0.357363013698639,-2.381435103131913,-1.363225512498396
llama31_8b,Carnevale22_Adenosine,Carnevale,5006,6,-2.087500000000001,-3.5550653681989917,-4.00907102604991,-0.357363013698639,-1.9073862309123324,-2.4125224706227977
llama31_8b,Carnevale22_Adenosine,Carnevale,5007,-1,-2.087500000000001,-4.017171769777988,-5.642119595717034,-0.357363013698639,-2.381435103131913,-3.9996589859265734
llama31_8b,Carnevale22_Adenosine,Carnevale,5008,-4,-2.087500000000001,-3.3769283966514223,-4.1835776225139245,-0.357363013698639,-1.724645567346129,-2.588096383970931
llama31_8b,Carnevale22_Adenosine,Carnevale,5009,1,-2.087500000000001,-3.1832824838927634,-2.904352329235992,-0.357363013698639,-1.5259951564461605,-1.2819950874434538
llama31_8b,Carnevale22_Adenosine,Carnevale,5010,10,-2.087500000000001,-3.7199944430728564,-2.3131615339961544,-0.357363013698639,-2.076577658845427,-0.8059693828937775
llama31_8b,Carnevale22_Adenosine,Carnevale,5011,2,-2.087500000000001,-3.3769283966514223,-4.236540651213839,-0.357363013698639,-1.724645567346129,-2.6346630911379285
llama31_8b,Carnevale22_Adenosine,Carnevale,5012,-3,-2.087500000000001,-4.017171769777988,-3.259875639344408,-0.357363013698639,-2.381435103131913,-1.7484360750453387
llama31_8b,Carnevale22_Adenosine,Carnevale,5013,-1,-2.087500000000001,-3.5550653681989917,-5.9130166858087865,-0.357363013698639,-1.9073862309123324,-4.278983617694922
llama31_8b,Carnevale22_Adenosine,Carnevale,5014,-1,-2.087500000000001,-4.017171769777988,-5.165163800998811,-0.357363013698639,-2.381435103131913,-3.5681630857459856
llama31_8b,Carnevale22_Adenosine,Carnevale,5015,-5,-2.087500000000001,-4.152093324101756,-6.823721502861044,-0.357363013698639,-2.51984350960875,-5.217842317611611
llama31_8b,Carnevale22_Adenosine,Carnevale,5016,-3,-2.087500000000001,-3.5550653681989917,-5.216131496762905,-0.357363013698639,-1.9073862309123324,-3.5588248186977154
llama31_8b,Carnevale22_Adenosine,Carnevale,5017,-7,-2.087500000000001,-3.3769283966514223,-3.6514139430778907,-0.357363013698639,-1.724645567346129,-2.0773043955967627
llama31_8b,Carnevale22_Adenosine,Carnevale,5018,9,-2.087500000000001,-3.5550653681989917,-1.8885001862139106,-0.357363013698639,-1.9073862309123324,-0.36878045216670907
llama31_8b,Carnevale22_Adenosine,Carnevale,5019,-2,-2.087500000000001,-3.1832824838927634,-4.151764443682509,-0.357363013698639,-1.5259951564461605,-2.516231465753698
llama31_8b,Carnevale22_Adenosine,Carnevale,5020,-7,-2.087500000000001,-3.5550653681989917,-2.3263114417982678,-0.357363013698639,-1.9073862309123324,-0.7992647371437953
ministral8b,Carnevale22_Adenosine,Carnevale,5001,3,-2.087500000000001,-3.1832824838927634,-3.6174950398238837,-3.003938356164381,-4.113655227669561,-4.235476139108977
ministral8b,Carnevale22_Adenosine,Carnevale,5002,0,-2.087500000000001,-2.971167385822311,-2.189893230019517,-3.003938356164381,-3.896058322113918,-2.859098433678438
ministral8b,Carnevale22_Adenosine,Carnevale,5003,-1,-2.087500000000001,-3.1832824838927634,-2.8152778854062133,-3.003938356164381,-4.113655227669561,-3.4429170828791174
ministral8b,Carnevale22_Adenosine,Carnevale,5004,-7,-2.087500000000001,-4.017171769777988,-3.5007741889506914,-3.003938356164381,-4.9690951743553144,-4.18160494050248
ministral8b,Carnevale22_Adenosine,Carnevale,5005,-8,-2.087500000000001,-3.3769283966514223,-3.666040149241789,-3.003938356164381,-4.31230563856953,-4.296434073698866
ministral8b,Carnevale22_Adenosine,Carnevale,5006,-2,-2.087500000000001,-3.1832824838927634,-1.45285518162033,-3.003938356164381,-4.113655227669561,-2.165671596727357
ministral8b,Carnevale22_Adenosine,Carnevale,5007,2,-2.087500000000001,-2.177378717411842,-2.394204517180474,-3.003938356164381,-3.081755335280403,-2.996189173645378
ministral8b,Carnevale22_Adenosine,Carnevale,5008,1,-2.087500000000001,-3.3769283966514223,-2.572302041014619,-3.003938356164381,-4.31230563856953,-3.1993910584278167
ministral8b,Carnevale22_Adenosine,Carnevale,5009,2,-2.087500000000001,-2.971167385822311,-3.740183914463525,-3.003938356164381,-3.896058322113918,-4.295672164683832
ministral8b,Carnevale22_Adenosine,Carnevale,5010,-4,-2.087500000000001,-3.7199944430728564,-3.570025832680818,-3.003938356164381,-4.6642377300688285,-4.207150398017854
ministral8b,Carnevale22_Adenosine,Carnevale,5011,6,-2.087500000000001,-2.4745560441169734,-2.4659130818266046,-3.003938356164381,-3.386612779566888,-3.072717232543484
ministral8b,Carnevale22_Adenosine,Carnevale,5012,-4,-2.087500000000001,-2.7366850235248563,-2.4797176303520807,-3.003938356164381,-3.655516102783746,-3.0359375847234498
ministral8b,Carnevale22_Adenosine,Carnevale,5013,-6,-2.087500000000001,-3.5550653681989917,-3.203083158571265,-3.003938356164381,-4.495046302135734,-3.8416832250415087
ministral8b,Carnevale22_Adenosine,Carnevale,5014,-10,-2.087500000000001,-3.1832824838927634,-3.628735724393467,-3.003938356164381,-4.113655227669561,-4.241464331909921
ministral8b,Carnevale22_Adenosine,Carnevale,5015,7,-2.087500000000001,-3.1832824838927634,-2.236121711463561,-3.003938356164381,-4.113655227669561,-2.813011928191472
ministral8b,Carnevale22_Adenosine,Carnevale,5016,5,-2.087500000000001,-3.7199944430728564,-3.4162781982197243,-3.003938356164381,-4.6642377300688285,-4.04393379063003
ministral8b,Carnevale22_Adenosine,Carnevale,5017,-3,-2.087500000000001,-2.177378717411842,-1.4297159763097773,-3.003938356164381,-3.081755335280403,-2.0143866154749754
ministral8b,Carnevale22_Adenosine,Carnevale,5018,-1,-2.087500000000001,-4.017171769777988,-4.900645504078749,-3.003938356164381,-4.9690951743553144,-5.478586634441024
ministral8b,Carnevale22_Adenosine,Carnevale,5019,4,-2.087500000000001,-2.4745560441169734,-1.7621477527205172,-3.003938356164381,-3.386612779566888,-2.37550043949326
ministral8b,Carnevale22_Adenosine,Carnevale,5020,-9,-2.087500000000001,-3.7199944430728564,-2.5483204229178447,-3.003938356164381,-4.6642377300688285,-3.24562031772217
phi4_14b,Carnevale22_Adenosine,Carnevale,5001,4,-2.087500000000001,-3.5550653681989917,-2.8272930786311243,-1.5738013698630147,-2.8554819851948112,-2.270105855430188
phi4_14b,Carnevale22_Adenosine,Carnevale,5002,1,-2.087500000000001,-4.152093324101756,-5.993883040118668,-1.5738013698630147,-3.467939263891229,-5.377048014559968
phi4_14b,Carnevale22_Adenosine,Carnevale,5003,-4,-2.087500000000001,-3.873539738356759,-5.054261246621439,-1.5738013698630147,-3.182186864175636,-4.512530240615169
phi4_14b,Carnevale22_Adenosine,Carnevale,5004,2,-2.087500000000001,-3.3769283966514223,-3.9429481064683802,-1.5738013698630147,-2.6727413216286076,-3.3714661588112516
phi4_14b,Carnevale22_Adenosine,Carnevale,5005,-6,-2.087500000000001,-2.971167385822311,-2.4129468747503444,-1.5738013698630147,-2.2564940051729954,-1.922032052759546
phi4_14b,Carnevale22_Adenosine,Carnevale,5006,-2,-2.087500000000001,-3.7199944430728564,-3.364242108698317,-1.5738013698630147,-3.024673413127906,-2.8242195447589644
phi4_14b,Carnevale22_Adenosine,Carnevale,5007,-7,-2.087500000000001,-3.7199944430728564,-3.3145403917120086,-1.5738013698630147,-3.024673413127906,-2.7901737510769853
phi4_14b,Carnevale22_Adenosine,Carnevale,5008,3,-2.087500000000001,-3.3769283966514223,-3.3186928906598903,-1.5738013698630147,-2.6727413216286076,-2.789758585247381
phi4_14b,Carnevale22_Adenosine,Carnevale,5009,0,-2.087500000000001,-3.7199944430728564,-5.364901805707191,-1.5738013698630147,-3.024673413127906,-4.798719811795809
phi4_14b,Carnevale22_Adenosine,Carnevale,5010,1,-2.087500000000001,-4.152093324101756,-2.8984017175230825,-1.5738013698630147,-3.467939263891229,-2.4617580158683543
phi4_14b,Carnevale22_Adenosine,Carnevale,5011,-6,-2.087500000000001,-3.3769283966514223,-1.8284445838062298,-1.5738013698630147,-2.6727413216286076,-1.356156649046899
phi4_14b,Carnevale22_Adenosine,Carnevale,5012,2,-2.087500000000001,-4.017171769777988,-4.741078447448524,-1.5738013698630147,-3.329530857414392,-4.183630244198627
phi4_14b,Carnevale22_Adenosine,Carnevale,5013,4,-2.087500000000001,-2.4745560441169734,-3.331397525610088,-1.5738013698630147,-1.747048462625966,-2.619134301287604
phi4_14b,Carnevale22_Adenosine,Carnevale,5014,-3,-2.087500000000001,-4.017171769777988,-4.806306742849483,-1.5738013698630147,-3.329530857414392,-4.280622652537003
phi4_14b,Carnevale22_Adenosine,Carnevale,5015,5,-2.087500000000001,-3.1832824838927634,-3.3841203757004745,-1.5738013698630147,-2.4740909107286395,-2.8014686261370993
phi4_14b,Carnevale22_Adenosine,Carnevale,5016,3,-2.087500000000001,-2.7366850235248563,-1.9208981392658917,-1.5738013698630147,-2.0159517858428235,-1.374857321485452
phi4_14b,Carnevale22_Adenosine,Carnevale,5017,-4,-2.087500000000001,-4.017171769777988,-4.80684179189835,-1.5738013698630147,-3.329530857414392,-4.269702922745752
phi4_14b,Carnevale22_Adenosine,Carnevale,5018,8,-2.087500000000001,-2.7366850235248563,-1.9465221921436386,-1.5738013698630147,-2.0159517858428235,-1.3568930010455698
phi4_14b,Carnevale22_Adenosine,Carnevale,5019,3,-2.087500000000001,-3.5550653681989917,-2.6826009534526323,-1.5738013698630147,-2.8554819851948112,-2.197423206842931
phi4_14b,Carnevale22_Adenosine,Carnevale,5020,9,-2.087500000000001,-3.7199944430728564,-2.6680504089375816,-1.5738013698630147,-3.024673413127906,-2.175856130420817
qwen25_7b,Carnevale22_Adenosine,Carnevale,5001,9,-2.087500000000001,-2.971167385822311,-3.4626029855967935,-1.5820205479452083,-2.3151107086699154,-3.2792965212712915
qwen25_7b,Carnevale22_Adenosine,Carnevale,5002,1,-2.087500000000001,-2.7366850235248563,-1.8916567031852838,-1.5820205479452083,-2.0745684893397436,-1.7093499802949634
qwen25_7b,Carnevale22_Adenosine,Carnevale,5003,-6,-2.087500000000001,-3.7199944430728564,-4.401762894846389,-1.5820205479452083,-3.083290116624825,-4.215598135758876
qwen25_7b,Carnevale22_Adenosine,Carnevale,5004,9,-2.087500000000001,-3.5550653681989917,-3.1414929541111705,-1.5820205479452083,-2.9140986886917313,-2.9943037699390485
qwen25_7b,Carnevale22_Adenosine,Carnevale,5005,0,-2.087500000000001,-2.7366850235248563,-2.6580960819326513,-1.5820205479452083,-2.0745684893397436,-2.4574054739473943
qwen25_7b,Carnevale22_Adenosine,Carnevale,5006,-1,-2.087500000000001,-3.5550653681989917,-5.401728125524412,-1.5820205479452083,-2.9140986886917313,-5.225108973855326
qwen25_7b,Carnevale22_Adenosine,Carnevale,5007,6,-2.087500000000001,-2.971167385822311,-3.4700426968903737,-1.5820205479452083,-2.3151107086699154,-3.3195160133028985
qwen25_7b,Carnevale22_Adenosine,Carnevale,5008,1,-2.087500000000001,-2.177378717411842,-2.0712608007464057,-1.5820205479452083,-1.5008077218364002,-1.8686371141835803
qwen25_7b,Carnevale22_Adenosine,Carnevale,5009,4,-2.087500000000001,-4.017171769777988,-5.873221171363314,-1.5820205479452083,-3.388147560911312,-5.692201771316884
qwen25_7b,Carnevale22_Adenosine,Carnevale,5010,4,-2.087500000000001,-2.971167385822311,-3.7054805611019934,-1.5820205479452083,-2.3151107086699154,-3.4879607695989727
qwen25_7b,Carnevale22_Adenosine,Carnevale,5011,11,-2.087500000000001,-2.971167385822311,-3.4626029855967935,-1.5820205479452083,-2.3151107086699154,-3.2792965212712915
qwen25_7b,Carnevale22_Adenosine,Carnevale,5012,6,-2.087500000000001,-2.971167385822311,-3.52237373099425,-1.5820205479452083,-2.3151107086699154,-3.3230860623353458
qwen25_7b,Carnevale22_Adenosine,Carnevale,5013,1,-2.087500000000001,-3.3769283966514223,-3.58271634902294,-1.5820205479452083,-2.7313580251255276,-3.4269488028372432
qwen25_7b,Carnevale22_Adenosine,Carnevale,5014,0,-2.087500000000001,-3.5550653681989917,-5.401728125524412,-1.5820205479452083,-2.9140986886917313,-5.225108973855326
qwen25_7b,Carnevale22_Adenosine,Carnevale,5015,2,-2.087500000000001,-2.971167385822311,-3.496857909346816,-1.5820205479452083,-2.3151107086699154,-3.2760922066143454
qwen25_7b,Carnevale22_Adenosine,Carnevale,5016,4,-2.087500000000001,-3.7199944430728564,-5.172677870278781,-1.5820205479452083,-3.083290116624825,-4.994758452629839
qwen25_7b,Carnevale22_Adenosine,Carnevale,5017,3,-2.087500000000001,-3.1832824838927634,-2.863720722786401,-1.5820205479452083,-2.532707614225559,-2.698014329745454
qwen25_7b,Carnevale22_Adenosine,Carnevale,5018,-17,-2.087500000000001,-2.971167385822311,-5.2129266962305625,-1.5820205479452083,-2.3151107086699154,-5.004729661750581
qwen25_7b,Carnevale22_Adenosine,Carnevale,5019,-3,-2.087500000000001,-4.27930074918587,-5.419564764891422,-1.5820205479452083,-3.657050884128169,-5.22836936989268
qwen25_7b,Carnevale22_Adenosine,Carnevale,5020,-1,-2.087500000000001,-2.971167385822311,-5.443270575717801,-1.5820205479452083,-2.3151107086699154,-5.230085996384744
qwen3_8b,Carnevale22_Adenosine,Carnevale,5001,-2,-2.087500000000001,-3.873539738356759,-2.6189240625825203,-2.790239726027397,-4.808339680394769,-2.860066770290348
qwen3_8b,Carnevale22_Adenosine,Carnevale,5002,-4,-2.087500000000001,-2.971167385822311,-2.50172908263627,-2.790239726027397,-3.882646821392128,-2.7084898932883057
qwen3_8b,Carnevale22_Adenosine,Carnevale,5003,2,-2.087500000000001,-1.8343126709904074,-2.6278424560621447,-2.790239726027397,-2.7164117430593144,-2.7416047230955956
qwen3_8b,Carnevale22_Adenosine,Carnevale,5004,-5,-2.087500000000001,-4.017171769777988,-4.53399144013904,-2.790239726027397,-4.955683673633525,-4.631077521793136
qwen3_8b,Carnevale22_Adenosine,Carnevale,5005,-6,-2.087500000000001,-3.1832824838927634,-4.41110057604694,-2.790239726027397,-4.100243726947772,-4.524469746514965
qwen3_8b,Carnevale22_Adenosine,Carnevale,5006,-1,-2.087500000000001,-3.5550653681989917,-4.311814772474158,-2.790239726027397,-4.481634801413945,-4.40007011671271
qwen3_8b,Carnevale22_Adenosine,Carnevale,5007,0,-2.087500000000001,-3.7199944430728564,-3.983559991228505,-2.790239726027397,-4.650826229347039,-4.106728367298083
qwen3_8b,Carnevale22_Adenosine,Carnevale,5008,1,-2.087500000000001,-3.7199944430728564,-3.9814094496696137,-2.790239726027397,-4.650826229347039,-4.155916966136987
qwen3_8b,Carnevale22_Adenosine,Carnevale,5009,-1,-2.087500000000001,-4.017171769777988,-4.1850715839755654,-2.790239726027397,-4.955683673633525,-4.3589558354102085
qwen3_8b,Carnevale22_Adenosine,Carnevale,5010,-9,-2.087500000000001,-3.5550653681989917,-2.9363239030898463,-2.790239726027397,-4.481634801413945,-3.182078567168924
qwen3_8b,Carnevale22_Adenosine,Carnevale,5011,3,-2.087500000000001,-2.971167385822311,-4.558047278476561,-2.790239726027397,-3.882646821392128,-4.639504878896831
qwen3_8b,Carnevale22_Adenosine,Carnevale,5012,5,-2.087500000000001,-2.7366850235248563,-2.7477603067077427,-2.790239726027397,-3.6421046020619565,-2.9325656737138464
qwen3_8b,Carnevale22_Adenosine,Carnevale,5013,-4,-2.087500000000001,-3.7199944430728564,-3.983559991228505,-2.790239726027397,-4.650826229347039,-4.106728367298083
qwen3_8b,Carnevale22_Adenosine,Carnevale,5014,-7,-2.087500000000001,-4.017171769777988,-5.234277667767694,-2.790239726027397,-4.955683673633525,-5.377430271317527
qwen3_8b,Carnevale22_Adenosine,Carnevale,5015,-4,-2.087500000000001,-1.4285516601612955,-1.6591327834388534,-2.790239726027397,-2.300164426603702,-1.7539562192315845
qwen3_8b,Carnevale22_Adenosine,Carnevale,5016,-4,-2.087500000000001,-3.3769283966514223,-3.38644046255101,-2.790239726027397,-4.298894137847741,-3.5912186772176264
qwen3_8b,Carnevale22_Adenosine,Carnevale,5017,-10,-2.087500000000001,-4.017171769777988,-4.53399144013904,-2.790239726027397,-4.955683673633525,-4.631077521793136
qwen3_8b,Carnevale22_Adenosine,Carnevale,5018,7,-2.087500000000001,-3.7199944430728564,-3.85924004484266,-2.790239726027397,-4.650826229347039,-3.9909491861662714
qwen3_8b,Carnevale22_Adenosine,Carnevale,5019,-6,-2.087500000000001,-4.017171769777988,-4.53399144013904,-2.790239726027397,-4.955683673633525,-4.631077521793136
qwen3_8b,Carnevale22_Adenosine,Carnevale,5020,-9,-2.087500000000001,-4.017171769777988,-4.436696977613735,-2.790239726027397,-4.955683673633525,-4.558418566434041
gemma3_4b,IFNG,Schmidt,5001,8,0.11388888888888893,-0.10670370220548248,0.11354798986424575,-0.88269814182784,-1.1388174396370925,-1.1183835860166251
gemma3_4b,IFNG,Schmidt,5002,-1,0.11388888888888893,0.204188472261721,0.48829068932220693,-0.88269814182784,-0.7657059630833618,-0.728169255379663
gemma3_4b,IFNG,Schmidt,5003,10,0.11388888888888893,-0.0213389511004399,0.041952799125908796,-0.88269814182784,-1.0363685170000767,-0.9586910509991768
gemma3_4b,IFNG,Schmidt,5004,-15,0.11388888888888893,-0.052349766514980384,-0.1166978882659345,-0.88269814182784,-1.0735855719107819,-1.3025652249698867
gemma3_4b,IFNG,Schmidt,5005,-11,0.11388888888888893,-0.08066042290373229,0.08702155835131994,-0.88269814182784,-1.107562081051017,-1.1227233622303554
gemma3_4b,IFNG,Schmidt,5006,0,0.11388888888888893,0.14486700045842854,0.44400782838993696,-0.88269814182784,-0.8368995271343022,-0.7110117688280467
gemma3_4b,IFNG,Schmidt,5007,-11,0.11388888888888893,-0.052349766514980384,0.00510024483333818,-0.88269814182784,-1.0735855719107819,-1.0723292091395473
gemma3_4b,IFNG,Schmidt,5008,-19,0.11388888888888893,-0.0213389511004399,0.10217932956773715,-0.88269814182784,-1.0363685170000767,-1.0683127474151972
gemma3_4b,IFNG,Schmidt,5009,1,0.11388888888888893,0.14486700045842854,0.6265652559534163,-0.88269814182784,-0.8368995271343022,-0.5977608070667958
gemma3_4b,IFNG,Schmidt,5010,-4,0.11388888888888893,-0.0213389511004399,-0.183046863837736,-0.88269814182784,-1.0363685170000767,-1.208089814341577
gemma3_4b,IFNG,Schmidt,5011,3,0.11388888888888893,-0.052349766514980384,-0.009360511934805943,-0.88269814182784,-1.0735855719107819,-1.1714193283067285
gemma3_4b,IFNG,Schmidt,5012,-22,0.11388888888888893,0.09471141069914742,0.2558078316044281,-0.88269814182784,-0.8970928278649473,-0.7898030695553692
gemma3_4b,IFNG,Schmidt,5013,8,0.11388888888888893,-0.0213389511004399,-0.11670031201637471,-0.88269814182784,-1.0363685170000767,-1.193823588681715
gemma3_4b,IFNG,Schmidt,5014,-11,0.11388888888888893,-0.052349766514980384,-0.009360511934805943,-0.88269814182784,-1.0735855719107819,-1.1714193283067285
gemma3_4b,IFNG,Schmidt,5015,-7,0.11388888888888893,-0.13081601266301335,-0.28438066146658625,-0.88269814182784,-1.167755381781662,-1.3057189490765757
gemma3_4b,IFNG,Schmidt,5016,-6,0.11388888888888893,-0.052349766514980384,0.043100800673300854,-0.88269814182784,-1.0735855719107819,-1.0665496180155951
gemma3_4b,IFNG,Schmidt,5017,-9,0.11388888888888893,-0.0213389511004399,-0.21986711317762037,-0.88269814182784,-1.0363685170000767,-1.1991972521647682
gemma3_4b,IFNG,Schmidt,5018,-10,0.11388888888888893,0.09471141069914742,0.21039503069264293,-0.88269814182784,-0.8970928278649473,-0.9570987005546245
gemma3_4b,IFNG,Schmidt,5019,3,0.11388888888888893,-0.17426276071476454,-0.1322602039530538,-0.88269814182784,-1.2198971905770355,-1.272880531308911
gemma3_4b,IFNG,Schmidt,5020,4,0.11388888888888893,-0.052349766514980384,-0.009360511934805943,-0.88269814182784,-1.0735855719107819,-1.1714193283067285
llama31_8b,IFNG,Schmidt,5001,-6,0.11388888888888893,-0.052349766514980384,0.14377943579993893,0.16576602199468893,-0.035655851381294984,0.18513809007814191
llama31_8b,IFNG,Schmidt,5002,-8,0.11388888888888893,-0.052349766514980384,0.0421806312017014,0.16576602199468893,-0.035655851381294984,0.08969048665477375
llama31_8b,IFNG,Schmidt,5003,-5,0.11388888888888893,-0.10670370220548248,-0.294584821259028,0.16576602199468893,-0.10088771910760577,-0.25539152664630865
llama31_8b,IFNG,Schmidt,5004,16,0.11388888888888893,-0.13081601266301335,-0.18350186950212766,0.16576602199468893,-0.12982566125217523,-0.3225237485033935
llama31_8b,IFNG,Schmidt,5005,7,0.11388888888888893,0.012941914907299984,0.2207955161915816,0.16576602199468893,0.04270274900448828,0.16155008997026715
llama31_8b,IFNG,Schmidt,5006,-9,0.11388888888888893,-0.21258550845486068,-0.2515605642608716,0.16576602199468893,-0.22795980491222645,-0.3878228995477502
llama31_8b,IFNG,Schmidt,5007,1,0.11388888888888893,0.051264662647396264,-0.2047209552720025,0.16576602199468893,0.08869508386916614,-0.16941244098287744
llama31_8b,IFNG,Schmidt,5008,10,0.11388888888888893,-0.13081601266301335,0.1153441837787586,0.16576602199468893,-0.12982566125217523,-0.0460778391742106
llama31_8b,IFNG,Schmidt,5009,13,0.11388888888888893,-0.19398802994188735,-0.6317203790952736,0.16576602199468893,-0.2056403860331779,-0.6230662112528297
llama31_8b,IFNG,Schmidt,5010,7,0.11388888888888893,-0.1532640366515683,-0.2657139460775585,0.16576602199468893,-0.1567662408612862,-0.293732711579217
llama31_8b,IFNG,Schmidt,5011,2,0.11388888888888893,-0.19398802994188735,-0.25607790750330284,0.16576602199468893,-0.2056403860331779,-0.2820203696123843
llama31_8b,IFNG,Schmidt,5012,1,0.11388888888888893,-0.2301772140022838,-0.5749036057768713,0.16576602199468893,-0.24907216402241017,-0.6262550746936327
llama31_8b,IFNG,Schmidt,5013,4,0.11388888888888893,-0.26274109821414193,-0.28071721713037856,0.16576602199468893,-0.28815310564287155,-0.41213092603071155
llama31_8b,IFNG,Schmidt,5014,-2,0.11388888888888893,-0.19398802994188735,-0.24860855732324827,0.16576602199468893,-0.2056403860331779,-0.31906915280196013
llama31_8b,IFNG,Schmidt,5015,-13,0.11388888888888893,-0.1532640366515683,-0.3794599839254645,0.16576602199468893,-0.1567662408612862,-0.43622532737382236
llama31_8b,IFNG,Schmidt,5016,0,0.11388888888888893,-0.21258550845486068,-0.4077605929200119,0.16576602199468893,-0.22795980491222645,-0.5196345200247195
llama31_8b,IFNG,Schmidt,5017,-8,0.11388888888888893,-0.26274109821414193,-0.5083088674895819,0.16576602199468893,-0.28815310564287155,-0.6214013853623249
llama31_8b,IFNG,Schmidt,5018,6,0.11388888888888893,-0.2301772140022838,-0.08851897917642954,0.16576602199468893,-0.24907216402241017,-0.24776033453671098
llama31_8b,IFNG,Schmidt,5019,-9,0.11388888888888893,-0.0213389511004399,0.023637253532602598,0.16576602199468893,0.001561203529409999,0.07488664119076288
llama31_8b,IFNG,Schmidt,5020,-5,0.11388888888888893,-0.10670370220548248,-0.1184804200327145,0.16576602199468893,-0.10088771910760577,-0.04171568972025372
ministral8b,IFNG,Schmidt,5001,-9,0.11388888888888893,0.09471141069914742,0.06814665267860487,-0.18645240803944452,-0.24660533341551744,-0.10770568499819566
ministral8b,IFNG,Schmidt,5002,0,0.11388888888888893,-0.3322311255676433,-0.24171168193453219,-0.18645240803944452,-0.7589924991043776,-0.6930706997187487
ministral8b,IFNG,Schmidt,5003,10,0.11388888888888893,-0.052349766514980384,0.0333413437383976,-0.18645240803944452,-0.423098077461352,-0.20693678617032907
ministral8b,IFNG,Schmidt,5004,10,0.11388888888888893,-0.2301772140022838,-0.4175014554609089,-0.18645240803944452,-0.6365143901024671,-0.6866743149459884
ministral8b,IFNG,Schmidt,5005,-1,0.11388888888888893,-0.0213389511004399,-0.19055222812206174,-0.18645240803944452,-0.385881022550647,-0.2943509104733989
ministral8b,IFNG,Schmidt,5006,-4,0.11388888888888893,-0.29234033963475553,-0.8153875407689569,-0.18645240803944452,-0.7111183122876276,-0.9580213069706374
ministral8b,IFNG,Schmidt,5007,-19,0.11388888888888893,-0.08066042290373229,0.09001912389687702,-0.18645240803944452,-0.4570745866015872,-0.20315793883683936
ministral8b,IFNG,Schmidt,5008,-8,0.11388888888888893,-0.19398802994188735,-0.49029078360322753,-0.18645240803944452,-0.5930826121132349,-0.7238350593298877
ministral8b,IFNG,Schmidt,5009,-9,0.11388888888888893,-0.1532640366515683,-0.4502352200606161,-0.18645240803944452,-0.5442084669413432,-0.5304204749315193
ministral8b,IFNG,Schmidt,5010,-10,0.11388888888888893,-0.3677610038395886,-0.39870392775363117,-0.18645240803944452,-0.8016330234808389,-0.7785121303437252
ministral8b,IFNG,Schmidt,5011,-8,0.11388888888888893,0.09471141069914742,0.15260045800923314,-0.18645240803944452,-0.24660533341551744,-0.05610597596448785
ministral8b,IFNG,Schmidt,5012,-3,0.11388888888888893,-0.3061878462658931,-0.40848191681407586,-0.18645240803944452,-0.7277371405183021,-0.7777012062406294
ministral8b,IFNG,Schmidt,5013,-13,0.11388888888888893,-0.2301772140022838,-0.7281815448799553,-0.18645240803944452,-0.6365143901024671,-0.8185830759999394
ministral8b,IFNG,Schmidt,5014,-13,0.11388888888888893,-0.08066042290373229,-0.2153923193239543,-0.18645240803944452,-0.4570745866015872,-0.38628488424449825
ministral8b,IFNG,Schmidt,5015,-12,0.11388888888888893,-0.0213389511004399,-0.02441601196809895,-0.18645240803944452,-0.385881022550647,-0.27473678195255713
ministral8b,IFNG,Schmidt,5016,5,0.11388888888888893,-0.052349766514980384,0.0333413437383976,-0.18645240803944452,-0.423098077461352,-0.20693678617032907
ministral8b,IFNG,Schmidt,5017,9,0.11388888888888893,-0.17426276071476454,-0.44470137453519987,-0.18645240803944452,-0.5694096961276057,-0.7718637302782148
ministral8b,IFNG,Schmidt,5018,-16,0.11388888888888893,-0.10670370220548248,-0.11222716416239012,-0.18645240803944452,-0.4883299451876628,-0.38207392225849396
ministral8b,IFNG,Schmidt,5019,-5,0.11388888888888893,-0.08066042290373229,-0.20723762860266637,-0.18645240803944452,-0.4570745866015872,-0.5399947884636933
ministral8b,IFNG,Schmidt,5020,-6,0.11388888888888893,-0.29234033963475553,-0.4067974010111022,-0.18645240803944452,-0.7111183122876276,-0.7760682366842203
phi4_14b,IFNG,Schmidt,5001,-6,0.11388888888888893,-0.08066042290373229,-0.3780241555867655,0.5998957148274582,0.4052761749684527,0.19998388000294243
phi4_14b,IFNG,Schmidt,5002,-7,0.11388888888888893,0.051264662647396264,0.2490022723820339,0.5998957148274582,0.563603619359149,0.753723748053401
phi4_14b,IFNG,Schmidt,5003,6,0.11388888888888893,-0.24686637446260057,-0.3497183075403429,0.5998957148274582,0.20580718510267831,0.1352154266279464
phi4_14b,IFNG,Schmidt,5004,-9,0.11388888888888893,-0.19398802994188735,-0.4665301560634725,0.5998957148274582,0.2692681494568051,0.09373472361424684
phi4_14b,IFNG,Schmidt,5005,-21,0.11388888888888893,-0.13081601266301335,-0.2352189799015128,0.5998957148274582,0.34508287423780776,0.2779410135150892
phi4_14b,IFNG,Schmidt,5006,-2,0.11388888888888893,-0.13081601266301335,-0.19382982961222012,0.5998957148274582,0.34508287423780776,0.32421205523607965
phi4_14b,IFNG,Schmidt,5007,-6,0.11388888888888893,-0.08066042290373229,-0.14101284275932247,0.5998957148274582,0.4052761749684527,0.4597813289894426
phi4_14b,IFNG,Schmidt,5008,-12,0.11388888888888893,-0.10670370220548248,-0.07466964312026253,0.5998957148274582,0.37402081638237716,0.517834922433168
phi4_14b,IFNG,Schmidt,5009,-7,0.11388888888888893,-0.08066042290373229,-0.18417403475294658,0.5998957148274582,0.4052761749684527,0.32926505874647727
phi4_14b,IFNG,Schmidt,5010,-7,0.11388888888888893,-0.10670370220548248,-0.28826601872496105,0.5998957148274582,0.37402081638237716,0.21814100837563166
phi4_14b,IFNG,Schmidt,5011,-11,0.11388888888888893,0.051264662647396264,0.2490022723820339,0.5998957148274582,0.563603619359149,0.753723748053401
phi4_14b,IFNG,Schmidt,5012,7,0.11388888888888893,-0.19398802994188735,-0.29205841649124387,0.5998957148274582,0.2692681494568051,0.21097416475095931
phi4_14b,IFNG,Schmidt,5013,-10,0.11388888888888893,0.051264662647396264,0.26045256472932965,0.5998957148274582,0.563603619359149,0.7326180126461447
phi4_14b,IFNG,Schmidt,5014,-4,0.11388888888888893,-0.10670370220548248,-0.05073292710240454,0.5998957148274582,0.37402081638237716,0.48112674369878283
phi4_14b,IFNG,Schmidt,5015,0,0.11388888888888893,-0.10670370220548248,-0.2457190023193223,0.5998957148274582,0.37402081638237716,0.2683639664923716
phi4_14b,IFNG,Schmidt,5016,-6,0.11388888888888893,-0.10670370220548248,-0.07466964312026253,0.5998957148274582,0.37402081638237716,0.517834922433168
phi4_14b,IFNG,Schmidt,5017,-7,0.11388888888888893,0.012941914907299984,0.14227175331774988,0.5998957148274582,0.5176112844944712,0.6613107093234979
phi4_14b,IFNG,Schmidt,5018,-4,0.11388888888888893,0.012941914907299984,0.23932193108564184,0.5998957148274582,0.5176112844944712,0.7662732980601864
phi4_14b,IFNG,Schmidt,5019,1,0.11388888888888893,0.051264662647396264,0.2086578453748061,0.5998957148274582,0.563603619359149,0.7180327917794508
phi4_14b,IFNG,Schmidt,5020,-4,0.11388888888888893,0.012941914907299984,0.23932193108564184,0.5998957148274582,0.5176112844944712,0.7662732980601864
qwen25_7b,IFNG,Schmidt,5001,-8,0.11388888888888893,-0.1532640366515683,-0.38050662964587684,1.56644861585136,1.2793578581890623,1.2314479938070284
qwen25_7b,IFNG,Schmidt,5002,-11,0.11388888888888893,-0.17426276071476454,-0.3474197613343976,1.56644861585136,1.2541566290027997,1.1233892244131258
qwen25_7b,IFNG,Schmidt,5003,-2,0.11388888888888893,-0.08066042290373229,-0.09953625763751672,1.56644861585136,1.3664917385288184,1.3686235290483517
qwen25_7b,IFNG,Schmidt,5004,7,0.11388888888888893,0.14486700045842854,0.32545113191624614,1.56644861585136,1.6371542924455331,1.726960017476017
qwen25_7b,IFNG,Schmidt,5005,-6,0.11388888888888893,-0.1532640366515683,-0.38050662964587684,1.56644861585136,1.2793578581890623,1.2314479938070284
qwen25_7b,IFNG,Schmidt,5006,-16,0.11388888888888893,-0.1532640366515683,-0.38050662964587684,1.56644861585136,1.2793578581890623,1.2314479938070284
qwen25_7b,IFNG,Schmidt,5007,-13,0.11388888888888893,-0.21258550845486068,-0.37318473617121856,1.56644861585136,1.208164294138122,0.9932889298347272
qwen25_7b,IFNG,Schmidt,5008,-16,0.11388888888888893,-0.1532640366515683,-0.38050662964587684,1.56644861585136,1.2793578581890623,1.2314479938070284
qwen25_7b,IFNG,Schmidt,5009,-11,0.11388888888888893,-0.10670370220548248,-0.11029875007029877,1.56644861585136,1.3352363799427427,1.275049979914316
qwen25_7b,IFNG,Schmidt,5010,-8,0.11388888888888893,0.14486700045842854,0.2595863005419734,1.56644861585136,1.6371542924455331,1.6906239253977304
qwen25_7b,IFNG,Schmidt,5011,-8,0.11388888888888893,-0.1532640366515683,-0.38050662964587684,1.56644861585136,1.2793578581890623,1.2314479938070284
qwen25_7b,IFNG,Schmidt,5012,-4,0.11388888888888893,-0.0213389511004399,-0.10842159783236488,1.56644861585136,1.4376853025797585,1.30502960040864
qwen25_7b,IFNG,Schmidt,5013,-11,0.11388888888888893,-0.1532640366515683,-0.38050662964587684,1.56644861585136,1.2793578581890623,1.2314479938070284
qwen25_7b,IFNG,Schmidt,5014,-10,0.11388888888888893,-0.0213389511004399,-0.1092895268086849,1.56644861585136,1.4376853025797585,1.3279565426466484
qwen25_7b,IFNG,Schmidt,5015,7,0.11388888888888893,0.14486700045842854,0.32545113191624614,1.56644861585136,1.6371542924455331,1.726960017476017
qwen25_7b,IFNG,Schmidt,5016,-13,0.11388888888888893,-0.08066042290373229,0.01136069295269082,1.56644861585136,1.3664917385288184,1.4086910628320064
qwen25_7b,IFNG,Schmidt,5017,-14,0.11388888888888893,-0.1532640366515683,-0.38050662964587684,1.56644861585136,1.2793578581890623,1.2314479938070284
qwen25_7b,IFNG,Schmidt,5018,-17,0.11388888888888893,-0.1532640366515683,-0.38050662964587684,1.56644861585136,1.2793578581890623,1.2314479938070284
qwen25_7b,IFNG,Schmidt,5019,2,0.11388888888888893,-0.1532640366515683,-0.38050662964587684,1.56644861585136,1.2793578581890623,1.2314479938070284
qwen25_7b,IFNG,Schmidt,5020,-2,0.11388888888888893,-0.0213389511004399,-0.10842159783236488,1.56644861585136,1.4376853025797585,1.30502960040864
qwen3_8b,IFNG,Schmidt,5001,-6,0.11388888888888893,-0.17426276071476454,-0.4183938743907587,-0.579626469472889,-0.9674091490296843,-1.2075645335032932
qwen3_8b,IFNG,Schmidt,5002,3,0.11388888888888893,-0.17426276071476454,-0.39758470431539195,-0.579626469472889,-0.9674091490296843,-1.1351651112388124
qwen3_8b,IFNG,Schmidt,5003,-11,0.11388888888888893,0.051264662647396264,0.33290158580314866,-0.579626469472889,-0.6967465951129694,-0.3700500600721526
qwen3_8b,IFNG,Schmidt,5004,3,0.11388888888888893,-0.17426276071476454,-0.4183938743907587,-0.579626469472889,-0.9674091490296843,-1.2075645335032932
qwen3_8b,IFNG,Schmidt,5005,-2,0.11388888888888893,-0.13081601266301335,-0.19244587042221883,-0.579626469472889,-0.9152673402343108,-0.9122395716684226
qwen3_8b,IFNG,Schmidt,5006,-4,0.11388888888888893,-0.3061878462658931,-0.38188243675716826,-0.579626469472889,-1.1257365934203807,-1.2714614909903306
qwen3_8b,IFNG,Schmidt,5007,-4,0.11388888888888893,-0.24686637446260057,-0.5432458382751433,-0.579626469472889,-1.0545430293694402,-1.2597279289455963
qwen3_8b,IFNG,Schmidt,5008,-6,0.11388888888888893,-0.17426276071476454,-0.3729632257357608,-0.579626469472889,-0.9674091490296843,-1.0908875386943742
qwen3_8b,IFNG,Schmidt,5009,-1,0.11388888888888893,-0.17426276071476454,-0.4163639315407226,-0.579626469472889,-0.9674091490296843,-1.1540278774751649
qwen3_8b,IFNG,Schmidt,5010,-7,0.11388888888888893,-0.17426276071476454,-0.4183938743907587,-0.579626469472889,-0.9674091490296843,-1.2075645335032932
qwen3_8b,IFNG,Schmidt,5011,-1,0.11388888888888893,-0.17426276071476454,-0.4163639315407226,-0.579626469472889,-0.9674091490296843,-1.1540278774751649
qwen3_8b,IFNG,Schmidt,5012,-5,0.11388888888888893,0.051264662647396264,0.33290158580314866,-0.579626469472889,-0.6967465951129694,-0.3700500600721526
qwen3_8b,IFNG,Schmidt,5013,3,0.11388888888888893,-0.17426276071476454,-0.4163639315407226,-0.579626469472889,-0.9674091490296843,-1.1540278774751649
qwen3_8b,IFNG,Schmidt,5014,-1,0.11388888888888893,-0.17426276071476454,-0.4183938743907587,-0.579626469472889,-0.9674091490296843,-1.2075645335032932
qwen3_8b,IFNG,Schmidt,5015,-2,0.11388888888888893,-0.17426276071476454,-0.4163639315407226,-0.579626469472889,-0.9674091490296843,-1.1540278774751649
qwen3_8b,IFNG,Schmidt,5016,-3,0.11388888888888893,-0.17426276071476454,-0.4163639315407226,-0.579626469472889,-0.9674091490296843,-1.1540278774751649
qwen3_8b,IFNG,Schmidt,5017,5,0.11388888888888893,-0.17426276071476454,-0.4163639315407226,-0.579626469472889,-0.9674091490296843,-1.1540278774751649
qwen3_8b,IFNG,Schmidt,5018,-2,0.11388888888888893,-0.17426276071476454,-0.4163639315407226,-0.579626469472889,-0.9674091490296843,-1.1540278774751649
qwen3_8b,IFNG,Schmidt,5019,-3,0.11388888888888893,-0.08066042290373229,0.045236464710917856,-0.579626469472889,-0.8550740395036658,-0.6850805253162553
qwen3_8b,IFNG,Schmidt,5020,3,0.11388888888888893,-0.17426276071476454,-0.4163639315407226,-0.579626469472889,-0.9674091490296843,-1.1540278774751649
gemma3_4b,IL2,Schmidt,5001,2,0.11388888888888893,0.3703944238205893,1.208034367412056,-0.88269814182784,-0.5662369732175874,0.11434496604058486
gemma3_4b,IL2,Schmidt,5002,-21,0.11388888888888893,-0.0213389511004399,-0.31281726613072663,-0.88269814182784,-1.0363685170000767,-1.5238438906610992
gemma3_4b,IL2,Schmidt,5003,-12,0.11388888888888893,0.204188472261721,0.5771383574646003,-0.88269814182784,-0.7657059630833618,-0.462646671345218
gemma3_4b,IL2,Schmidt,5004,18,0.11388888888888893,-0.10670370220548248,-0.360071186077158,-0.88269814182784,-1.1388174396370925,-1.6237795693238741
gemma3_4b,IL2,Schmidt,5005,-28,0.11388888888888893,0.09471141069914742,-0.14611314327413816,-0.88269814182784,-0.8970928278649473,-1.277454180067874
gemma3_4b,IL2,Schmidt,5006,-7,0.11388888888888893,0.09471141069914742,-0.05197614692393998,-0.88269814182784,-0.8970928278649473,-1.1941752820953235
gemma3_4b,IL2,Schmidt,5007,-28,0.11388888888888893,-0.17426276071476454,-0.4737045635668329,-0.88269814182784,-1.2198971905770355,-1.6644082891219814
gemma3_4b,IL2,Schmidt,5008,-27,0.11388888888888893,-0.10670370220548248,-0.2406730209980919,-0.88269814182784,-1.1388174396370925,-1.4022272837739274
gemma3_4b,IL2,Schmidt,5009,0,0.11388888888888893,0.3703944238205893,0.7844178838361638,-0.88269814182784,-0.5662369732175874,-0.260410074835892
gemma3_4b,IL2,Schmidt,5010,-28,0.11388888888888893,0.09471141069914742,0.0481190291473184,-0.88269814182784,-0.8970928278649473,-1.0181802599140732
gemma3_4b,IL2,Schmidt,5011,0,0.11388888888888893,-0.29234033963475553,-0.5280889606346858,-0.88269814182784,-1.3616058067370573,-1.6301859189416859
gemma3_4b,IL2,Schmidt,5012,-1,0.11388888888888893,-0.10670370220548248,-0.14110519889566403,-0.88269814182784,-1.1388174396370925,-1.3585411365996072
gemma3_4b,IL2,Schmidt,5013,-6,0.11388888888888893,-0.0213389511004399,-0.15498940799697608,-0.88269814182784,-1.0363685170000767,-1.328898904988598
gemma3_4b,IL2,Schmidt,5014,-19,0.11388888888888893,-0.1532640366515683,-0.37148269666194683,-0.88269814182784,-1.1946959613907728,-1.5788954393750743
gemma3_4b,IL2,Schmidt,5015,-33,0.11388888888888893,-0.19398802994188735,-0.2606574920141916,-0.88269814182784,-1.2435701065626645,-1.5302546351042081
gemma3_4b,IL2,Schmidt,5016,4,0.11388888888888893,-0.1532640366515683,-0.4009049923289639,-0.88269814182784,-1.1946959613907728,-1.5980968724157063
gemma3_4b,IL2,Schmidt,5017,-24,0.11388888888888893,0.012941914907299984,0.13603969425344414,-0.88269814182784,-0.9952269715249984,-0.9402720786481307
gemma3_4b,IL2,Schmidt,5018,-18,0.11388888888888893,-0.13081601266301335,-0.17240501263387364,-0.88269814182784,-1.167755381781662,-1.3646052615729685
gemma3_4b,IL2,Schmidt,5019,-9,0.11388888888888893,-0.13081601266301335,-0.3740344857384177,-0.88269814182784,-1.167755381781662,-1.6044363977600637
gemma3_4b,IL2,Schmidt,5020,-16,0.11388888888888893,-0.10670370220548248,-0.18814008649583802,-0.88269814182784,-1.1388174396370925,-1.3754857597451626
llama31_8b,IL2,Schmidt,5001,-8,0.11388888888888893,-0.13081601266301335,-0.3195602720322327,0.16576602199468893,-0.12982566125217523,-0.20136608854865107
llama31_8b,IL2,Schmidt,5002,3,0.11388888888888893,-0.35634343602517415,-0.5283089548415537,0.16576602199468893,-0.4004882151688899,-0.5415286929692262
llama31_8b,IL2,Schmidt,5003,4,0.11388888888888893,-0.13081601266301335,-0.3800590929408446,0.16576602199468893,-0.12982566125217523,-0.266705668116758
llama31_8b,IL2,Schmidt,5004,-41,0.11388888888888893,-0.10670370220548248,-0.2915798675838031,0.16576602199468893,-0.10088771910760577,-0.2647346815649495
llama31_8b,IL2,Schmidt,5005,14,0.11388888888888893,-0.13081601266301335,-0.3883027975557495,0.16576602199468893,-0.12982566125217523,-0.2952725511994695
llama31_8b,IL2,Schmidt,5006,-3,0.11388888888888893,-0.2301772140022838,-0.5824144064051877,0.16576602199468893,-0.24907216402241017,-0.4323137430140884
llama31_8b,IL2,Schmidt,5007,10,0.11388888888888893,0.3703944238205893,0.14899315847232575,0.16576602199468893,0.47169274731189925,0.2983223045250364
llama31_8b,IL2,Schmidt,5008,5,0.11388888888888893,-0.3677610038395886,-0.5079987461589779,0.16576602199468893,-0.4141907974007818,-0.5964677929396154
llama31_8b,IL2,Schmidt,5009,-14,0.11388888888888893,0.051264662647396264,-0.04468004623127869,0.16576602199468893,0.08869508386916614,-0.057996904655376325
llama31_8b,IL2,Schmidt,5010,14,0.11388888888888893,-0.29234033963475553,-0.374632159612566,0.16576602199468893,-0.3236760862075706,-0.4535222503485744
llama31_8b,IL2,Schmidt,5011,4,0.11388888888888893,-0.13081601266301335,-0.2517951962689454,0.16576602199468893,-0.12982566125217523,-0.1461448431257869
llama31_8b,IL2,Schmidt,5012,-3,0.11388888888888893,0.09471141069914742,0.21887302336737358,0.16576602199468893,0.14083689266453953,0.30697079986885767
llama31_8b,IL2,Schmidt,5013,-4,0.11388888888888893,-0.19398802994188735,-0.5335207655841137,0.16576602199468893,-0.2056403860331779,-0.6657084583150034
llama31_8b,IL2,Schmidt,5014,-4,0.11388888888888893,-0.3322311255676433,-0.3280361366144045,0.16576602199468893,-0.37155027302432064,-0.606763966366936
llama31_8b,IL2,Schmidt,5015,-9,0.11388888888888893,-0.21258550845486068,-0.3989907875371467,0.16576602199468893,-0.22795980491222645,-0.406101594087232
llama31_8b,IL2,Schmidt,5016,27,0.11388888888888893,-0.21258550845486068,-0.4362587526541529,0.16576602199468893,-0.22795980491222645,-0.4950616013257144
llama31_8b,IL2,Schmidt,5017,-2,0.11388888888888893,0.09471141069914742,0.05521674195729201,0.16576602199468893,0.14083689266453953,0.03292442901129454
llama31_8b,IL2,Schmidt,5018,-3,0.11388888888888893,0.14486700045842854,0.7454701523626734,0.16576602199468893,0.20103019339518463,0.7413051501380399
llama31_8b,IL2,Schmidt,5019,-16,0.11388888888888893,-0.3322311255676433,-0.17474809821034082,0.16576602199468893,-0.37155027302432064,-0.428626979995533
llama31_8b,IL2,Schmidt,5020,-32,0.11388888888888893,-0.052349766514980384,-0.21269457393121882,0.16576602199468893,-0.035655851381294984,-0.16132162451232385
ministral8b,IL2,Schmidt,5001,12,0.11388888888888893,-0.2778771898771412,-0.40479806554298436,-0.18645240803944452,-0.6937606313780668,-0.878656011418941
ministral8b,IL2,Schmidt,5002,6,0.11388888888888893,-0.10670370220548248,-0.19677267221876538,-0.18645240803944452,-0.4883299451876628,-0.5451803877325984
ministral8b,IL2,Schmidt,5003,-48,0.11388888888888893,-0.13081601266301335,-0.21272092827753386,-0.18645240803944452,-0.5172678873322322,-0.5787724965209557
ministral8b,IL2,Schmidt,5004,-6,0.11388888888888893,-0.3061878462658931,-0.12294610035550083,-0.18645240803944452,-0.7277371405183021,-0.693131836711613
ministral8b,IL2,Schmidt,5005,-29,0.11388888888888893,-0.1532640366515683,-0.08762452160638412,-0.18645240803944452,-0.5442084669413432,-0.5579173558480637
ministral8b,IL2,Schmidt,5006,-37,0.11388888888888893,-0.19398802994188735,-0.4516145809851422,-0.18645240803944452,-0.5930826121132349,-0.8033285156152026
ministral8b,IL2,Schmidt,5007,-9,0.11388888888888893,-0.29234033963475553,-0.1389215002073041,-0.18645240803944452,-0.7111183122876276,-0.6314460831120953
ministral8b,IL2,Schmidt,5008,-32,0.11388888888888893,-0.2301772140022838,-0.4533543362995516,-0.18645240803944452,-0.6365143901024671,-0.8674366523281022
ministral8b,IL2,Schmidt,5009,-33,0.11388888888888893,-0.3445105940059892,-0.43874044880930474,-0.18645240803944452,-0.7737294753829796,-0.8860382076161836
ministral8b,IL2,Schmidt,5010,-32,0.11388888888888893,-0.3677610038395886,-0.28639131075398605,-0.18645240803944452,-0.8016330234808389,-0.7217589461744056
ministral8b,IL2,Schmidt,5011,8,0.11388888888888893,-0.08066042290373229,-0.07679917119326951,-0.18645240803944452,-0.4570745866015872,-0.29999502134125167
ministral8b,IL2,Schmidt,5012,-4,0.11388888888888893,-0.39979018407692535,-0.04133873405863547,-0.18645240803944452,-0.8400722500443205,-0.6352866593292743
ministral8b,IL2,Schmidt,5013,12,0.11388888888888893,-0.37879146001372915,-0.31235009334580877,-0.18645240803944452,-0.814871020858058,-0.8218868630351176
ministral8b,IL2,Schmidt,5014,-33,0.11388888888888893,-0.13081601266301335,-0.27953350172371355,-0.18645240803944452,-0.5172678873322322,-0.5787841214958116
ministral8b,IL2,Schmidt,5015,-5,0.11388888888888893,-0.3445105940059892,-0.09523641503704991,-0.18645240803944452,-0.7737294753829796,-0.6485570404787283
ministral8b,IL2,Schmidt,5016,3,0.11388888888888893,0.09471141069914742,0.3455285515898847,-0.18645240803944452,-0.24660533341551744,-0.024923232558241193
ministral8b,IL2,Schmidt,5017,-13,0.11388888888888893,-0.3322311255676433,-0.21470981383516863,-0.18645240803944452,-0.7589924991043776,-0.7249427580496914
ministral8b,IL2,Schmidt,5018,-26,0.11388888888888893,-0.13081601266301335,-0.216855254306547,-0.18645240803944452,-0.5172678873322322,-0.5847937364522844
ministral8b,IL2,Schmidt,5019,-23,0.11388888888888893,0.012941914907299984,0.03263299664487468,-0.18645240803944452,-0.3447394770755687,-0.4107393015007724
ministral8b,IL2,Schmidt,5020,2,0.11388888888888893,0.204188472261721,0.10174623192363799,-0.18645240803944452,-0.11521846863393209,-0.09930822919403531
phi4_14b,IL2,Schmidt,5001,3,0.11388888888888893,-0.19398802994188735,-0.3493760029787038,0.5998957148274582,0.2692681494568051,-0.020782150147554135
phi4_14b,IL2,Schmidt,5002,-2,0.11388888888888893,0.012941914907299984,-0.041549549869624613,0.5998957148274582,0.5176112844944712,0.5260926471492889
phi4_14b,IL2,Schmidt,5003,-11,0.11388888888888893,-0.29234033963475553,-0.5025220985715853,0.5998957148274582,0.1512324492824123,-0.07813621730241682
phi4_14b,IL2,Schmidt,5004,-7,0.11388888888888893,-0.21258550845486068,-0.4753092593291339,0.5998957148274582,0.24694873057775657,0.05710158332981968
phi4_14b,IL2,Schmidt,5005,-6,0.11388888888888893,-0.24686637446260057,-0.31980513345144174,0.5998957148274582,0.20580718510267831,0.03804113626462824
phi4_14b,IL2,Schmidt,5006,-15,0.11388888888888893,-0.1532640366515683,-0.29547750362415076,0.5998957148274582,0.3181422946286968,0.006870733128652717
phi4_14b,IL2,Schmidt,5007,-8,0.11388888888888893,-0.21258550845486068,-0.1857426239518225,0.5998957148274582,0.24694873057775657,0.16810758827212569
phi4_14b,IL2,Schmidt,5008,-13,0.11388888888888893,-0.3194699882104366,-0.5598699208986466,0.5998957148274582,0.11867330476292226,-0.07161373678388333
phi4_14b,IL2,Schmidt,5009,1,0.11388888888888893,-0.21258550845486068,-0.13401403763117165,0.5998957148274582,0.24694873057775657,0.24290180962816432
phi4_14b,IL2,Schmidt,5010,-33,0.11388888888888893,-0.10670370220548248,-0.1480276702647358,0.5998957148274582,0.37402081638237716,0.37560310646541345
phi4_14b,IL2,Schmidt,5011,23,0.11388888888888893,-0.13081601266301335,-0.009939373310908148,0.5998957148274582,0.34508287423780776,0.3828056552422717
phi4_14b,IL2,Schmidt,5012,-23,0.11388888888888893,-0.3061878462658931,-0.17767306074372635,0.5998957148274582,0.1346136210517378,0.1540603279308408
phi4_14b,IL2,Schmidt,5013,-12,0.11388888888888893,0.012941914907299984,0.1797279959881984,0.5998957148274582,0.5176112844944712,0.7908004583544155
phi4_14b,IL2,Schmidt,5014,-39,0.11388888888888893,-0.2301772140022838,-0.21155424605859352,0.5998957148274582,0.2258363714675728,0.16541954476399812
phi4_14b,IL2,Schmidt,5015,-9,0.11388888888888893,-0.17426276071476454,-0.1812047813074017,0.5998957148274582,0.2929410654424342,0.2532896583093881
phi4_14b,IL2,Schmidt,5016,-3,0.11388888888888893,-0.2778771898771412,-0.27690622540120946,0.5998957148274582,0.1685901301919731,0.06731202897703514
phi4_14b,IL2,Schmidt,5017,12,0.11388888888888893,0.14486700045842854,0.2921180169226364,0.5998957148274582,0.6759387288851676,0.8715291474268368
phi4_14b,IL2,Schmidt,5018,19,0.11388888888888893,-0.26274109821414193,-0.33535356589548654,0.5998957148274582,0.18675542984711146,0.0756799827591883
phi4_14b,IL2,Schmidt,5019,-4,0.11388888888888893,-0.1532640366515683,-0.21378157354041366,0.5998957148274582,0.3181422946286968,0.25209903304861714
phi4_14b,IL2,Schmidt,5020,1,0.11388888888888893,0.012941914907299984,0.1797279959881984,0.5998957148274582,0.5176112844944712,0.7908004583544155
qwen25_7b,IL2,Schmidt,5001,-28,0.11388888888888893,-0.13081601266301335,-0.1785940279558328,1.56644861585136,1.3062984377981732,1.1214774289649916
qwen25_7b,IL2,Schmidt,5002,-9,0.11388888888888893,-0.17426276071476454,-0.33803730162677975,1.56644861585136,1.2541566290027997,0.888605995947797
qwen25_7b,IL2,Schmidt,5003,-20,0.11388888888888893,-0.10670370220548248,-0.49098439638806,1.56644861585136,1.3352363799427427,0.8328462287299886
qwen25_7b,IL2,Schmidt,5004,-12,0.11388888888888893,-0.1532640366515683,-0.3616932020032617,1.56644861585136,1.2793578581890623,0.9581746806532762
qwen25_7b,IL2,Schmidt,5005,-23,0.11388888888888893,-0.19398802994188735,-0.6406618489242086,1.56644861585136,1.2304837130171706,0.7691728381165387
qwen25_7b,IL2,Schmidt,5006,-29,0.11388888888888893,-0.052349766514980384,-0.4124975224626509,1.56644861585136,1.4004682476690535,1.0663020281598634
qwen25_7b,IL2,Schmidt,5007,8,0.11388888888888893,0.14486700045842854,0.08416905027297897,1.56644861585136,1.6371542924455331,1.586490309443071
qwen25_7b,IL2,Schmidt,5008,-9,0.11388888888888893,0.012941914907299984,-0.2710750127437346,1.56644861585136,1.4788268480548368,1.2374246401503852
qwen25_7b,IL2,Schmidt,5009,-7,0.11388888888888893,-0.3445105940059892,-0.23304797986291764,1.56644861585136,1.0498368497474257,0.8872528189667706
qwen25_7b,IL2,Schmidt,5010,3,0.11388888888888893,-0.10670370220548248,-0.22344146012716237,1.56644861585136,1.3352363799427427,1.096661405560111
qwen25_7b,IL2,Schmidt,5011,-16,0.11388888888888893,0.14486700045842854,-0.07073320636523747,1.56644861585136,1.6371542924455331,1.4321104477999247
qwen25_7b,IL2,Schmidt,5012,-11,0.11388888888888893,-0.08066042290373229,-0.381244654375928,1.56644861585136,1.3664917385288184,0.9228409877007554
qwen25_7b,IL2,Schmidt,5013,23,0.11388888888888893,0.5023195093717179,1.239640223694383,1.56644861585136,2.066144290752944,2.661621715609071
qwen25_7b,IL2,Schmidt,5014,0,0.11388888888888893,-0.08066042290373229,-0.381244654375928,1.56644861585136,1.3664917385288184,0.9228409877007554
qwen25_7b,IL2,Schmidt,5015,-20,0.11388888888888893,-0.3194699882104366,-0.4447995981991393,1.56644861585136,1.079888868323288,0.849449800743092
qwen25_7b,IL2,Schmidt,5016,-8,0.11388888888888893,-0.19398802994188735,-0.5285659674058797,1.56644861585136,1.2304837130171706,0.7403804555895358
qwen25_7b,IL2,Schmidt,5017,10,0.11388888888888893,0.14486700045842854,0.08416905027297897,1.56644861585136,1.6371542924455331,1.586490309443071
qwen25_7b,IL2,Schmidt,5018,7,0.11388888888888893,0.09471141069914742,0.21881695248122543,1.56644861585136,1.5769609917148881,1.72365068779157
qwen25_7b,IL2,Schmidt,5019,-9,0.11388888888888893,0.012941914907299984,0.07909674383931785,1.56644861585136,1.4788268480548368,1.4719846481404788
qwen25_7b,IL2,Schmidt,5020,-10,0.11388888888888893,-0.08066042290373229,-0.003618844378697833,1.56644861585136,1.3664917385288184,1.3888937095211094
qwen3_8b,IL2,Schmidt,5001,-23,0.11388888888888893,-0.052349766514980384,-0.34107027416694874,-0.579626469472889,-0.8210975303634306,-1.1576328603974957
qwen3_8b,IL2,Schmidt,5002,-37,0.11388888888888893,0.14486700045842854,-0.15420773560248002,-0.579626469472889,-0.584411485586951,-0.8548666544989638
qwen3_8b,IL2,Schmidt,5003,-4,0.11388888888888893,0.14486700045842854,-0.15420773560248002,-0.579626469472889,-0.584411485586951,-0.8548666544989638
qwen3_8b,IL2,Schmidt,5004,12,0.11388888888888893,-0.1532640366515683,-0.31401354241159835,-0.579626469472889,-0.9422079198434217,-1.1427218602659304
qwen3_8b,IL2,Schmidt,5005,-30,0.11388888888888893,-0.0213389511004399,-0.14069551480647569,-0.579626469472889,-0.7838804754527255,-0.8960487760758997
qwen3_8b,IL2,Schmidt,5006,-2,0.11388888888888893,-0.2778771898771412,-0.39717744429843826,-0.579626469472889,-1.0917600842801454,-1.2367647984066736
qwen3_8b,IL2,Schmidt,5007,-36,0.11388888888888893,-0.19398802994188735,-0.3450912840287337,-0.579626469472889,-0.9910820650153134,-1.1246217129757259
qwen3_8b,IL2,Schmidt,5008,-31,0.11388888888888893,-0.24686637446260057,-0.27416339701870956,-0.579626469472889,-1.0545430293694402,-1.1269970716272537
qwen3_8b,IL2,Schmidt,5009,11,0.11388888888888893,-0.21258550845486068,-0.26740642341055515,-0.579626469472889,-1.013401483894362,-1.1387829321957392
qwen3_8b,IL2,Schmidt,5010,3,0.11388888888888893,-0.10670370220548248,-0.3175952617648231,-0.579626469472889,-0.8863293980897413,-1.0646667471053561
qwen3_8b,IL2,Schmidt,5011,-8,0.11388888888888893,-0.2301772140022838,-0.20760647149531192,-0.579626469472889,-1.0345138430045457,-1.1053233637062079
qwen3_8b,IL2,Schmidt,5012,-32,0.11388888888888893,0.09471141069914742,0.2286043430380132,-0.579626469472889,-0.6446047863175961,-0.45505553841430446
qwen3_8b,IL2,Schmidt,5013,-15,0.11388888888888893,-0.08066042290373229,-0.34839453304997814,-0.579626469472889,-0.8550740395036658,-1.0672173273626062
qwen3_8b,IL2,Schmidt,5014,-32,0.11388888888888893,-0.10670370220548248,-0.03682716591823387,-0.579626469472889,-0.8863293980897413,-0.8705466516701644
qwen3_8b,IL2,Schmidt,5015,-24,0.11388888888888893,-0.08066042290373229,-0.07160998900878932,-0.579626469472889,-0.8550740395036658,-0.905171359337297
qwen3_8b,IL2,Schmidt,5016,1,0.11388888888888893,-0.2778771898771412,-0.3075231620601543,-0.579626469472889,-1.0917600842801454,-1.15745156224234
qwen3_8b,IL2,Schmidt,5017,-23,0.11388888888888893,-0.08066042290373229,-0.34839453304997814,-0.579626469472889,-0.8550740395036658,-1.0672173273626062
qwen3_8b,IL2,Schmidt,5018,-18,0.11388888888888893,-0.08066042290373229,-0.34839453304997814,-0.579626469472889,-0.8550740395036658,-1.0672173273626062
qwen3_8b,IL2,Schmidt,5019,-22,0.11388888888888893,-0.17426276071476454,-0.2126713272873636,-0.579626469472889,-0.9674091490296843,-1.07058886836146
qwen3_8b,IL2,Schmidt,5020,-22,0.11388888888888893,-0.17426276071476454,-0.1334737263579574,-0.579626469472889,-0.9674091490296843,-0.978532020883832
gemma3_4b,Sanchez21,Sanchez,5001,0,-2.4541666666666666,-3.9385746204125187,-3.7849532005773256,-3.4330062571103603,-5.181121923697161,-5.5827259866257135
gemma3_4b,Sanchez21,Sanchez,5002,2,-2.4541666666666666,-4.843355119636733,-5.085552525788972,-3.4330062571103603,-6.1388973645593286,-6.902890292152598
gemma3_4b,Sanchez21,Sanchez,5003,-8,-2.4541666666666666,-3.7732054019498253,-4.392265675919615,-3.4330062571103603,-5.006066674104643,-6.187243117857735
gemma3_4b,Sanchez21,Sanchez,5004,7,-2.4541666666666666,-4.620022557138862,-3.8974150286321025,-3.4330062571103603,-5.902483733088842,-5.597660172998269
gemma3_4b,Sanchez21,Sanchez,5005,-3,-2.4541666666666666,-4.49937353833467,-4.391917268976334,-3.4330062571103603,-5.774768041521822,-6.283656468697469
gemma3_4b,Sanchez21,Sanchez,5006,-5,-2.4541666666666666,-3.594593039110455,-2.3598551257476346,-3.4330062571103603,-4.816992600659655,-4.087092438838273
gemma3_4b,Sanchez21,Sanchez,5007,-4,-2.4541666666666666,-3.1877491803501985,-2.923754123605689,-3.4330062571103603,-4.386319021244227,-4.813264512383169
gemma3_4b,Sanchez21,Sanchez,5008,-3,-2.4541666666666666,-2.68981253988624,-3.4813110068017807,-3.4330062571103603,-3.8592171597974865,-5.216913377031373
gemma3_4b,Sanchez21,Sanchez,5009,-1,-2.4541666666666666,-4.236545019504641,-4.613670069945743,-3.4330062571103603,-5.49654509053048,-6.454781204159883
gemma3_4b,Sanchez21,Sanchez,5010,-2,-2.4541666666666666,-3.9385746204125187,-3.439761422541162,-3.4330062571103603,-5.181121923697161,-5.33251600113813
gemma3_4b,Sanchez21,Sanchez,5011,-5,-2.4541666666666666,-2.952641058716269,-3.569164839659951,-3.4330062571103603,-4.1374401107888295,-5.25504603480865
gemma3_4b,Sanchez21,Sanchez,5012,-9,-2.4541666666666666,-4.734481659968599,-4.060947290456945,-3.4330062571103603,-6.02364695197722,-5.982084148516519
gemma3_4b,Sanchez21,Sanchez,5013,2,-2.4541666666666666,-4.49937353833467,-4.393583996855089,-3.4330062571103603,-5.774768041521822,-6.2875457008362385
gemma3_4b,Sanchez21,Sanchez,5014,3,-2.4541666666666666,-3.594593039110455,-4.391221746426146,-3.4330062571103603,-4.816992600659655,-6.268030798416953
gemma3_4b,Sanchez21,Sanchez,5015,-3,-2.4541666666666666,-3.400430346596203,-2.7877919509768017,-3.4330062571103603,-4.611457381254203,-4.645148166920932
gemma3_4b,Sanchez21,Sanchez,5016,0,-2.4541666666666666,-3.400430346596203,-2.4491650838428747,-3.4330062571103603,-4.611457381254203,-4.171057829890546
gemma3_4b,Sanchez21,Sanchez,5017,2,-2.4541666666666666,-4.49937353833467,-4.6264128452657935,-3.4330062571103603,-5.774768041521822,-6.44599555158876
gemma3_4b,Sanchez21,Sanchez,5018,0,-2.4541666666666666,-3.9385746204125187,-4.023087741907129,-3.4330062571103603,-5.181121923697161,-5.9302768623717315
gemma3_4b,Sanchez21,Sanchez,5019,4,-2.4541666666666666,-3.9385746204125187,-4.181232785378392,-3.4330062571103603,-5.181121923697161,-5.968199509842781
gemma3_4b,Sanchez21,Sanchez,5020,2,-2.4541666666666666,-4.092529679574413,-3.1580095896961353,-3.4330062571103603,-5.344094462106394,-4.928260693869998
llama31_8b,Sanchez21,Sanchez,5001,-5,-2.4541666666666666,-2.0478605594920536,-1.0085145616251807,-0.4022895335608463,0.3102754965467316,1.3841873972094638
llama31_8b,Sanchez21,Sanchez,5002,-1,-2.4541666666666666,-2.0478605594920536,-1.3572520397561814,-0.4022895335608463,0.3102754965467316,1.2995456101561036
llama31_8b,Sanchez21,Sanchez,5003,-7,-2.4541666666666666,-3.9385746204125187,-4.056229303627488,-0.4022895335608463,-1.6911817572237677,-1.5893833649151237
llama31_8b,Sanchez21,Sanchez,5004,-3,-2.4541666666666666,-2.68981253988624,-2.1218007304741264,-0.4022895335608463,-0.3692769933240938,0.429227912595155
llama31_8b,Sanchez21,Sanchez,5005,-2,-2.4541666666666666,-3.1877491803501985,-3.695998203540957,-0.4022895335608463,-0.8963788547708345,-1.2466846329473853
llama31_8b,Sanchez21,Sanchez,5006,-1,-2.4541666666666666,-1.143080060267839,-1.605710333200553,-0.4022895335608463,1.2680509374088995,0.9296125530979511
llama31_8b,Sanchez21,Sanchez,5007,-1,-2.4541666666666666,-2.952641058716269,-3.3690566576053813,-0.4022895335608463,-0.6474999443154368,-0.949516352100158
llama31_8b,Sanchez21,Sanchez,5008,1,-2.4541666666666666,-3.400430346596203,-3.34209603546388,-0.4022895335608463,-1.12151721478081,-1.0308088170480676
llama31_8b,Sanchez21,Sanchez,5009,-6,-2.4541666666666666,-2.68981253988624,-2.5532901240344428,-0.4022895335608463,-0.3692769933240938,-0.0452956296216791
llama31_8b,Sanchez21,Sanchez,5010,6,-2.4541666666666666,-2.68981253988624,-3.7922126607932745,-0.4022895335608463,-0.3692769933240938,-1.2340043435377606
llama31_8b,Sanchez21,Sanchez,5011,1,-2.4541666666666666,-3.1877491803501985,-4.528604871114856,-0.4022895335608463,-0.8963788547708345,-2.0156648905855894
llama31_8b,Sanchez21,Sanchez,5012,-1,-2.4541666666666666,-3.7732054019498253,-3.1600830182441895,-0.4022895335608463,-1.5161265076312493,-0.6619213324787685
llama31_8b,Sanchez21,Sanchez,5013,4,-2.4541666666666666,-3.7732054019498253,-3.210613556583419,-0.4022895335608463,-1.5161265076312493,-0.9524618128280149
llama31_8b,Sanchez21,Sanchez,5014,-1,-2.4541666666666666,-2.391842140794118,-2.07671071097477,-0.4022895335608463,-0.05385382649077464,0.35934858036097683
llama31_8b,Sanchez21,Sanchez,5015,-2,-2.4541666666666666,-2.391842140794118,-1.9059562097605651,-0.4022895335608463,-0.05385382649077464,0.761601639871134
llama31_8b,Sanchez21,Sanchez,5016,2,-2.4541666666666666,-2.0478605594920536,-1.8954359334563695,-0.4022895335608463,0.3102754965467316,0.6498075786552939
llama31_8b,Sanchez21,Sanchez,5017,-3,-2.4541666666666666,-4.236545019504641,-4.626600102932838,-0.4022895335608463,-2.006604924057087,-2.2680535198369722
llama31_8b,Sanchez21,Sanchez,5018,-1,-2.4541666666666666,-2.0478605594920536,-1.307321723246476,-0.4022895335608463,0.3102754965467316,1.4502916872016272
llama31_8b,Sanchez21,Sanchez,5019,4,-2.4541666666666666,-0.501128079873653,2.6072874212127637,-0.4022895335608463,1.9476034272797245,5.218043850940318
llama31_8b,Sanchez21,Sanchez,5020,2,-2.4541666666666666,-1.6410167007317968,-0.48745346128655154,-0.4022895335608463,0.7409490759621598,2.244447658265875
ministral8b,Sanchez21,Sanchez,5001,4,-2.4541666666666666,-3.400430346596203,-3.9245495087723374,-3.5394908987485856,-4.716421503973027,-4.9250372211448905
ministral8b,Sanchez21,Sanchez,5002,0,-2.4541666666666666,-3.400430346596203,-2.7181943173885066,-3.5394908987485856,-4.716421503973027,-3.7395926893967104
ministral8b,Sanchez21,Sanchez,5003,0,-2.4541666666666666,-2.952641058716269,-2.3874356431914774,-3.5394908987485856,-4.242404233507654,-3.362745391029757
ministral8b,Sanchez21,Sanchez,5004,0,-2.4541666666666666,-3.400430346596203,-2.8847958781206913,-3.5394908987485856,-4.716421503973027,-3.8396106978456013
ministral8b,Sanchez21,Sanchez,5005,10,-2.4541666666666666,-4.092529679574413,-4.110026961497404,-3.5394908987485856,-5.449058584825218,-5.103818434165966
ministral8b,Sanchez21,Sanchez,5006,-1,-2.4541666666666666,-3.400430346596203,-2.757999779213522,-3.5394908987485856,-4.716421503973027,-3.8256870723013803
ministral8b,Sanchez21,Sanchez,5007,-3,-2.4541666666666666,-2.0478605594920536,-2.6529487570973282,-3.5394908987485856,-3.284628792645486,-3.3124425239825728
ministral8b,Sanchez21,Sanchez,5008,-1,-2.4541666666666666,-3.9385746204125187,-4.188292063426611,-3.5394908987485856,-5.286086046415985,-5.276025298224143
ministral8b,Sanchez21,Sanchez,5009,0,-2.4541666666666666,-3.1877491803501985,-2.989957909053614,-3.5394908987485856,-4.491283143963051,-3.9173706456218547
ministral8b,Sanchez21,Sanchez,5010,0,-2.4541666666666666,-3.7732054019498253,-4.1180665132104455,-3.5394908987485856,-5.111030796823467,-5.118640321141155
ministral8b,Sanchez21,Sanchez,5011,-1,-2.4541666666666666,-3.1877491803501985,-2.502861341710652,-3.5394908987485856,-4.491283143963051,-3.30565424910871
ministral8b,Sanchez21,Sanchez,5012,1,-2.4541666666666666,-3.9385746204125187,-4.601302867225316,-3.5394908987485856,-5.286086046415985,-5.563000199468284
ministral8b,Sanchez21,Sanchez,5013,2,-2.4541666666666666,-3.400430346596203,-3.4048748388626437,-3.5394908987485856,-4.716421503973027,-4.267619217869787
ministral8b,Sanchez21,Sanchez,5014,-1,-2.4541666666666666,-3.1877491803501985,-3.6742672106623795,-3.5394908987485856,-4.491283143963051,-4.465045489848192
ministral8b,Sanchez21,Sanchez,5015,-10,-2.4541666666666666,-3.1877491803501985,-3.6489633430962933,-3.5394908987485856,-4.491283143963051,-4.40640337952628
ministral8b,Sanchez21,Sanchez,5016,11,-2.4541666666666666,-4.236545019504641,-4.597754271289038,-3.5394908987485856,-5.6015092132493045,-5.600896121168888
ministral8b,Sanchez21,Sanchez,5017,-3,-2.4541666666666666,-4.092529679574413,-4.064066772013382,-3.5394908987485856,-5.449058584825218,-5.085673311888266
ministral8b,Sanchez21,Sanchez,5018,1,-2.4541666666666666,-3.400430346596203,-3.727412681011089,-3.5394908987485856,-4.716421503973027,-4.604785036271336
ministral8b,Sanchez21,Sanchez,5019,-5,-2.4541666666666666,-3.400430346596203,-3.686707531509957,-3.5394908987485856,-4.716421503973027,-4.6348903989840124
ministral8b,Sanchez21,Sanchez,5020,-2,-2.4541666666666666,-3.594593039110455,-3.8916562721273995,-3.5394908987485856,-4.92195672337848,-4.826830474992774
phi4_14b,Sanchez21,Sanchez,5001,8,-2.4541666666666666,-4.236545019504641,-4.4423527737994135,-1.6555318543799729,-3.412028682546217,-3.5733202725607653
phi4_14b,Sanchez21,Sanchez,5002,6,-2.4541666666666666,-3.9385746204125187,-3.794625141526746,-1.6555318543799729,-3.096605515712898,-2.811438697508902
phi4_14b,Sanchez21,Sanchez,5003,-3,-2.4541666666666666,-3.7732054019498253,-3.8210166636039773,-1.6555318543799729,-2.92155026612038,-2.79494229460701
phi4_14b,Sanchez21,Sanchez,5004,-11,-2.4541666666666666,-4.236545019504641,-4.4527786716526325,-1.6555318543799729,-3.412028682546217,-3.548633258415607
phi4_14b,Sanchez21,Sanchez,5005,-2,-2.4541666666666666,-4.236545019504641,-4.251604291563432,-1.6555318543799729,-3.412028682546217,-3.3117983865809655
phi4_14b,Sanchez21,Sanchez,5006,-5,-2.4541666666666666,-3.7732054019498253,-3.8926308744811187,-1.6555318543799729,-2.92155026612038,-2.9761644981870297
phi4_14b,Sanchez21,Sanchez,5007,-1,-2.4541666666666666,-3.400430346596203,-3.0658436808964575,-1.6555318543799729,-2.5269409732699404,-2.1960585346182855
phi4_14b,Sanchez21,Sanchez,5008,-2,-2.4541666666666666,-4.236545019504641,-4.453525113070035,-1.6555318543799729,-3.412028682546217,-3.581425497898568
phi4_14b,Sanchez21,Sanchez,5009,3,-2.4541666666666666,-3.594593039110455,-3.6098735865618177,-1.6555318543799729,-2.7324761926753927,-2.805761186776175
phi4_14b,Sanchez21,Sanchez,5010,-4,-2.4541666666666666,-4.236545019504641,-4.453525113070035,-1.6555318543799729,-3.412028682546217,-3.581425497898568
phi4_14b,Sanchez21,Sanchez,5011,9,-2.4541666666666666,-4.236545019504641,-4.453525113070035,-1.6555318543799729,-3.412028682546217,-3.581425497898568
phi4_14b,Sanchez21,Sanchez,5012,3,-2.4541666666666666,-3.7732054019498253,-4.045050286820346,-1.6555318543799729,-2.92155026612038,-3.1407241050791272
phi4_14b,Sanchez21,Sanchez,5013,11,-2.4541666666666666,-3.7732054019498253,-3.342363195045503,-1.6555318543799729,-2.92155026612038,-2.41728971003106
phi4_14b,Sanchez21,Sanchez,5014,0,-2.4541666666666666,-3.594593039110455,-4.021761115444052,-1.6555318543799729,-2.7324761926753927,-3.1448734447733284
phi4_14b,Sanchez21,Sanchez,5015,7,-2.4541666666666666,-3.1877491803501985,-3.194222322182182,-1.6555318543799729,-2.3018026132599645,-2.2875437609022304
phi4_14b,Sanchez21,Sanchez,5016,3,-2.4541666666666666,-4.236545019504641,-4.237181375741531,-1.6555318543799729,-3.412028682546217,-3.2925393072011366
phi4_14b,Sanchez21,Sanchez,5017,3,-2.4541666666666666,-4.37182663682625,-4.1868130856168495,-1.6555318543799729,-3.5552340354266643,-3.252965489096286
phi4_14b,Sanchez21,Sanchez,5018,-4,-2.4541666666666666,-3.400430346596203,-3.4472227713056762,-1.6555318543799729,-2.5269409732699404,-2.4642488865180896
phi4_14b,Sanchez21,Sanchez,5019,3,-2.4541666666666666,-3.594593039110455,-3.275276241293218,-1.6555318543799729,-2.7324761926753927,-2.304393138588909
phi4_14b,Sanchez21,Sanchez,5020,5,-2.4541666666666666,-3.594593039110455,-3.8742246292706533,-1.6555318543799729,-2.7324761926753927,-2.987016669851201
qwen25_7b,Sanchez21,Sanchez,5001,1,-2.4541666666666666,-2.68981253988624,-1.5366523733178807,-1.6964874857792904,-1.879369482997121,-1.181295836344829
qwen25_7b,Sanchez21,Sanchez,5002,0,-2.4541666666666666,-2.952641058716269,-1.5119584957318857,-1.6964874857792904,-2.157592433988464,-1.2897542879871804
qwen25_7b,Sanchez21,Sanchez,5003,10,-2.4541666666666666,-2.391842140794118,-2.778436214677927,-1.6964874857792904,-1.563946316163802,-2.1522754541460523
qwen25_7b,Sanchez21,Sanchez,5004,-3,-2.4541666666666666,-2.391842140794118,-2.92341735934108,-1.6964874857792904,-1.563946316163802,-2.1542192132394042
qwen25_7b,Sanchez21,Sanchez,5005,3,-2.4541666666666666,-3.9385746204125187,-3.326332313038267,-1.6964874857792904,-3.201274246896795,-2.881333130806132
qwen25_7b,Sanchez21,Sanchez,5006,0,-2.4541666666666666,-2.952641058716269,-3.5101891785149366,-1.6964874857792904,-2.157592433988464,-3.0220259371896896
qwen25_7b,Sanchez21,Sanchez,5007,-4,-2.4541666666666666,-4.236545019504641,-4.474376908776471,-1.6964874857792904,-3.5166974137301144,-3.9295134368314657
qwen25_7b,Sanchez21,Sanchez,5008,3,-2.4541666666666666,-2.391842140794118,-2.7444309697049403,-1.6964874857792904,-1.563946316163802,-2.234403156421365
qwen25_7b,Sanchez21,Sanchez,5009,2,-2.4541666666666666,-3.400430346596203,-3.7143615234874803,-1.6964874857792904,-2.6316097044538376,-3.089067508242917
qwen25_7b,Sanchez21,Sanchez,5010,7,-2.4541666666666666,-2.391842140794118,-2.7444309697049403,-1.6964874857792904,-1.563946316163802,-2.234403156421365
qwen25_7b,Sanchez21,Sanchez,5011,-1,-2.4541666666666666,-3.1877491803501985,-3.7883755575987825,-1.6964874857792904,-2.4064713444438617,-3.209280371473002
qwen25_7b,Sanchez21,Sanchez,5012,1,-2.4541666666666666,-2.68981253988624,-3.3311074766951823,-1.6964874857792904,-1.879369482997121,-2.640482537931409
qwen25_7b,Sanchez21,Sanchez,5013,4,-2.4541666666666666,-3.1877491803501985,-2.2212396685497273,-1.6964874857792904,-2.4064713444438617,-2.0446776265916085
qwen25_7b,Sanchez21,Sanchez,5014,2,-2.4541666666666666,-4.37182663682625,-4.424627601952174,-1.6964874857792904,-3.6599027666105615,-3.9143530107726696
qwen25_7b,Sanchez21,Sanchez,5015,3,-2.4541666666666666,-2.68981253988624,-2.938397611379327,-1.6964874857792904,-1.879369482997121,-2.2227919953427575
qwen25_7b,Sanchez21,Sanchez,5016,2,-2.4541666666666666,-3.9385746204125187,-4.218522912321774,-1.6964874857792904,-3.201274246896795,-3.754763003398922
qwen25_7b,Sanchez21,Sanchez,5017,-5,-2.4541666666666666,-2.952641058716269,-3.01664366350001,-1.6964874857792904,-2.157592433988464,-2.328159649521394
qwen25_7b,Sanchez21,Sanchez,5018,3,-2.4541666666666666,-3.9385746204125187,-4.998201378225295,-1.6964874857792904,-3.201274246896795,-4.666136297093223
qwen25_7b,Sanchez21,Sanchez,5019,8,-2.4541666666666666,-3.1877491803501985,-2.7897012211344614,-1.6964874857792904,-2.4064713444438617,-2.2409735819902816
qwen25_7b,Sanchez21,Sanchez,5020,7,-2.4541666666666666,-2.952641058716269,-2.55805599467354,-1.6964874857792904,-2.157592433988464,-2.081174571390164
qwen3_8b,Sanchez21,Sanchez,5001,1,-2.4541666666666666,-2.952641058716269,-3.2901538398886125,-3.998193970420944,-4.6531662363975785,-4.40369240234057
qwen3_8b,Sanchez21,Sanchez,5002,2,-2.4541666666666666,-2.952641058716269,-3.822546407334239,-3.998193970420944,-4.6531662363975785,-5.028953274963342
qwen3_8b,Sanchez21,Sanchez,5003,-2,-2.4541666666666666,-3.7732054019498253,-4.0214741422593985,-3.998193970420944,-5.521792799713392,-5.3118512031011385
qwen3_8b,Sanchez21,Sanchez,5004,-5,-2.4541666666666666,-4.236545019504641,-4.856692587883861,-3.998193970420944,-6.012271216139229,-6.18697344340886
qwen3_8b,Sanchez21,Sanchez,5005,-4,-2.4541666666666666,-3.1877491803501985,-4.024560666634295,-3.998193970420944,-4.902045146852976,-5.292321566728667
qwen3_8b,Sanchez21,Sanchez,5006,-9,-2.4541666666666666,-3.400430346596203,-3.395604644066693,-3.998193970420944,-5.127183506862952,-4.583024328521598
qwen3_8b,Sanchez21,Sanchez,5007,-3,-2.4541666666666666,0.40365241935056195,-0.18745392940286365,-3.998193970420944,-1.1002874239402494,-1.059457313257643
qwen3_8b,Sanchez21,Sanchez,5008,3,-2.4541666666666666,0.40365241935056195,-0.3712919012185747,-3.998193970420944,-1.1002874239402494,-1.2368049635348108
qwen3_8b,Sanchez21,Sanchez,5009,3,-2.4541666666666666,-3.1877491803501985,-4.172423182077521,-3.998193970420944,-4.902045146852976,-5.4691954439020245
qwen3_8b,Sanchez21,Sanchez,5010,-2,-2.4541666666666666,-2.391842140794118,-1.617858781023427,-3.998193970420944,-4.059520118572917,-2.934516989893146
qwen3_8b,Sanchez21,Sanchez,5011,0,-2.4541666666666666,-3.594593039110455,-4.370740460000836,-3.998193970420944,-5.332718726268404,-5.590615879724041
qwen3_8b,Sanchez21,Sanchez,5012,1,-2.4541666666666666,-2.0478605594920536,-1.9572523358745553,-3.998193970420944,-3.6953907955354106,-2.897175253316595
qwen3_8b,Sanchez21,Sanchez,5013,1,-2.4541666666666666,-3.594593039110455,-3.6168913424949833,-3.998193970420944,-5.332718726268404,-4.6925620659817975
qwen3_8b,Sanchez21,Sanchez,5014,7,-2.4541666666666666,-1.6410167007317968,-3.1276890978555008,-3.998193970420944,-3.2647172161199824,-4.138883131737491
qwen3_8b,Sanchez21,Sanchez,5015,2,-2.4541666666666666,-2.0478605594920536,-1.9572523358745553,-3.998193970420944,-3.6953907955354106,-2.897175253316595
qwen3_8b,Sanchez21,Sanchez,5016,8,-2.4541666666666666,-3.400430346596203,-4.106744697646148,-3.998193970420944,-5.127183506862952,-5.230035327720865
qwen3_8b,Sanchez21,Sanchez,5017,4,-2.4541666666666666,-2.391842140794118,-2.9873045434567542,-3.998193970420944,-4.059520118572917,-4.156006965497008
qwen3_8b,Sanchez21,Sanchez,5018,10,-2.4541666666666666,-4.092529679574413,-4.733032802401675,-3.998193970420944,-5.859820587715143,-5.909376824162933
qwen3_8b,Sanchez21,Sanchez,5019,3,-2.4541666666666666,-3.1877491803501985,-3.551226677007206,-3.998193970420944,-4.902045146852976,-4.708552545278519
qwen3_8b,Sanchez21,Sanchez,5020,-3,-2.4541666666666666,-2.391842140794118,-2.9017378621430026,-3.998193970420944,-4.059520118572917,-4.065799019101785
gemma3_4b,Sanchez21_down,Sanchez,5001,-1,-2.4541666666666666,-3.1877491803501985,-3.803442686880378,-3.4330062571103603,-4.386319021244227,-5.568981742145589
gemma3_4b,Sanchez21_down,Sanchez,5002,-4,-2.4541666666666666,-2.391842140794118,-1.9010899043423315,-3.4330062571103603,-3.5437939929641677,-3.7495520035696277
gemma3_4b,Sanchez21_down,Sanchez,5003,1,-2.4541666666666666,-2.952641058716269,-2.774232934824407,-3.4330062571103603,-4.1374401107888295,-4.393264294438069
gemma3_4b,Sanchez21_down,Sanchez,5004,5,-2.4541666666666666,-1.143080060267839,-2.0007904671902903,-3.4330062571103603,-2.2218892290644936,-3.464098029831346
gemma3_4b,Sanchez21_down,Sanchez,5005,2,-2.4541666666666666,-2.0478605594920536,-2.117485435473687,-3.4330062571103603,-3.1796646699266615,-3.742106128041847
gemma3_4b,Sanchez21_down,Sanchez,5006,4,-2.4541666666666666,-3.1877491803501985,-2.814135387656733,-3.4330062571103603,-4.386319021244227,-4.4092120067292395
gemma3_4b,Sanchez21_down,Sanchez,5007,-1,-2.4541666666666666,-2.0478605594920536,-2.0071826523842606,-3.4330062571103603,-3.1796646699266615,-3.6356975378755463
gemma3_4b,Sanchez21_down,Sanchez,5008,3,-2.4541666666666666,-3.1877491803501985,-4.238626967525446,-3.4330062571103603,-4.386319021244227,-5.930119309299382
gemma3_4b,Sanchez21_down,Sanchez,5009,3,-2.4541666666666666,-1.6410167007317968,-2.7975009955917187,-3.4330062571103603,-2.7489910905112334,-4.502688879186222
gemma3_4b,Sanchez21_down,Sanchez,5010,-1,-2.4541666666666666,-2.391842140794118,-2.7444309697049403,-3.4330062571103603,-3.5437939929641677,-4.432862543315429
gemma3_4b,Sanchez21_down,Sanchez,5011,-3,-2.4541666666666666,-3.400430346596203,-3.367455255245314,-3.4330062571103603,-4.611457381254203,-5.17399582689373
gemma3_4b,Sanchez21_down,Sanchez,5012,-2,-2.4541666666666666,-2.0478605594920536,-3.3057672414023367,-3.4330062571103603,-3.1796646699266615,-4.95371339517809
gemma3_4b,Sanchez21_down,Sanchez,5013,-4,-2.4541666666666666,-2.952641058716269,-2.9222764441146287,-3.4330062571103603,-4.1374401107888295,-4.597496499787324
gemma3_4b,Sanchez21_down,Sanchez,5014,2,-2.4541666666666666,-3.1877491803501985,-2.883383126758008,-3.4330062571103603,-4.386319021244227,-4.593380418282733
gemma3_4b,Sanchez21_down,Sanchez,5015,-2,-2.4541666666666666,-2.391842140794118,-2.205621663446015,-3.4330062571103603,-3.5437939929641677,-3.8977513499706475
gemma3_4b,Sanchez21_down,Sanchez,5016,-2,-2.4541666666666666,-2.0478605594920536,-2.012958395738119,-3.4330062571103603,-3.1796646699266615,-3.790474504386429
gemma3_4b,Sanchez21_down,Sanchez,5017,-6,-2.4541666666666666,-3.400430346596203,-3.1377360866808406,-3.4330062571103603,-4.611457381254203,-4.80930408801342
gemma3_4b,Sanchez21_down,Sanchez,5018,2,-2.4541666666666666,-3.1877491803501985,-3.0405656441857865,-3.4330062571103603,-4.386319021244227,-4.803696390910925
gemma3_4b,Sanchez21_down,Sanchez,5019,-6,-2.4541666666666666,-2.68981253988624,-2.899285369116963,-3.4330062571103603,-3.8592171597974865,-4.513003755499765
gemma3_4b,Sanchez21_down,Sanchez,5020,-5,-2.4541666666666666,-1.6410167007317968,-2.521902685560815,-3.4330062571103603,-2.7489910905112334,-4.10679977473767
llama31_8b,Sanchez21_down,Sanchez,5001,5,-2.4541666666666666,-1.143080060267839,-0.40895572840912653,-0.4022895335608463,1.2680509374088995,2.0042264325669494
llama31_8b,Sanchez21_down,Sanchez,5002,-11,-2.4541666666666666,-2.0478605594920536,-2.892660088376985,-0.4022895335608463,0.3102754965467316,-0.1909808300651772
llama31_8b,Sanchez21_down,Sanchez,5003,4,-2.4541666666666666,-2.391842140794118,-2.230287882234495,-0.4022895335608463,-0.05385382649077464,0.4333960385163813
llama31_8b,Sanchez21_down,Sanchez,5004,-10,-2.4541666666666666,-3.7732054019498253,-3.74099035964909,-0.4022895335608463,-1.5161265076312493,-1.250354062347599
llama31_8b,Sanchez21_down,Sanchez,5005,4,-2.4541666666666666,-2.391842140794118,-1.8887641565674227,-0.4022895335608463,-0.05385382649077464,0.6096192053736216
llama31_8b,Sanchez21_down,Sanchez,5006,8,-2.4541666666666666,-2.391842140794118,-2.4477522376098935,-0.4022895335608463,-0.05385382649077464,0.11633892379481647
llama31_8b,Sanchez21_down,Sanchez,5007,3,-2.4541666666666666,-3.400430346596203,-3.0981783232777533,-0.4022895335608463,-1.12151721478081,-0.6394122891887162
llama31_8b,Sanchez21_down,Sanchez,5008,3,-2.4541666666666666,-1.6410167007317968,-0.34094468314581805,-0.4022895335608463,0.7409490759621598,2.1612028390206026
llama31_8b,Sanchez21_down,Sanchez,5009,0,-2.4541666666666666,-3.400430346596203,-1.9151352779011963,-0.4022895335608463,-1.12151721478081,0.36745289503271295
llama31_8b,Sanchez21_down,Sanchez,5010,1,-2.4541666666666666,-2.68981253988624,-3.281039633326316,-0.4022895335608463,-0.3692769933240938,-0.5725491560200211
llama31_8b,Sanchez21_down,Sanchez,5011,-5,-2.4541666666666666,-2.391842140794118,-2.186564749663703,-0.4022895335608463,-0.05385382649077464,0.23804857099625343
llama31_8b,Sanchez21_down,Sanchez,5012,-2,-2.4541666666666666,-2.952641058716269,-2.944248929878785,-0.4022895335608463,-0.6474999443154368,-0.2828786237734615
llama31_8b,Sanchez21_down,Sanchez,5013,3,-2.4541666666666666,-1.143080060267839,-1.9582564980311514,-0.4022895335608463,1.2680509374088995,0.733314542769997
llama31_8b,Sanchez21_down,Sanchez,5014,10,-2.4541666666666666,-2.68981253988624,-2.7258397807257486,-0.4022895335608463,-0.3692769933240938,-0.1534857954583959
llama31_8b,Sanchez21_down,Sanchez,5015,2,-2.4541666666666666,-2.0478605594920536,-0.9587515447158572,-0.4022895335608463,0.3102754965467316,1.7679051019143852
llama31_8b,Sanchez21_down,Sanchez,5016,2,-2.4541666666666666,0.40365241935056195,3.489305506911358,-0.4022895335608463,2.9053788681418924,6.040121769509102
llama31_8b,Sanchez21_down,Sanchez,5017,-2,-2.4541666666666666,-3.7732054019498253,-2.5464085416933964,-0.4022895335608463,-1.5161265076312493,-0.43435535429603833
llama31_8b,Sanchez21_down,Sanchez,5018,-1,-2.4541666666666666,-2.68981253988624,-1.6219160181315733,-0.4022895335608463,-0.3692769933240938,1.0215256156724433
llama31_8b,Sanchez21_down,Sanchez,5019,-1,-2.4541666666666666,-3.400430346596203,-1.8132030019316048,-0.4022895335608463,-1.12151721478081,0.4918015331016603
llama31_8b,Sanchez21_down,Sanchez,5020,9,-2.4541666666666666,-2.0478605594920536,-1.2673316580056406,-0.4022895335608463,0.3102754965467316,1.0972064451937085
ministral8b,Sanchez21_down,Sanchez,5001,2,-2.4541666666666666,-3.594593039110455,-3.0393165846181933,-3.5394908987485856,-4.92195672337848,-4.004582278253178
ministral8b,Sanchez21_down,Sanchez,5002,-2,-2.4541666666666666,-3.1877491803501985,-3.6480466067963535,-3.5394908987485856,-4.491283143963051,-4.542445348437725
ministral8b,Sanchez21_down,Sanchez,5003,2,-2.4541666666666666,-3.400430346596203,-3.593393461082129,-3.5394908987485856,-4.716421503973027,-4.5492065818292025
ministral8b,Sanchez21_down,Sanchez,5004,-2,-2.4541666666666666,-3.9385746204125187,-3.027758900269062,-3.5394908987485856,-5.286086046415985,-4.00679648335292
ministral8b,Sanchez21_down,Sanchez,5005,-2,-2.4541666666666666,-3.1877491803501985,-2.348287927414316,-3.5394908987485856,-4.491283143963051,-3.3619274939115713
ministral8b,Sanchez21_down,Sanchez,5006,3,-2.4541666666666666,-3.400430346596203,-1.9113543151735382,-3.5394908987485856,-4.716421503973027,-2.7834684057592662
ministral8b,Sanchez21_down,Sanchez,5007,1,-2.4541666666666666,-2.952641058716269,-3.9307356034809526,-3.5394908987485856,-4.242404233507654,-4.924141530664614
ministral8b,Sanchez21_down,Sanchez,5008,9,-2.4541666666666666,-3.594593039110455,-3.517854916238147,-3.5394908987485856,-4.92195672337848,-4.679749791322672
ministral8b,Sanchez21_down,Sanchez,5009,5,-2.4541666666666666,-3.9385746204125187,-3.130621919050551,-3.5394908987485856,-5.286086046415985,-4.004126498142125
ministral8b,Sanchez21_down,Sanchez,5010,4,-2.4541666666666666,-3.594593039110455,-2.8560244690559653,-3.5394908987485856,-4.92195672337848,-3.7345872025059643
ministral8b,Sanchez21_down,Sanchez,5011,0,-2.4541666666666666,-3.594593039110455,-3.2204514002871942,-3.5394908987485856,-4.92195672337848,-4.284142967976454
ministral8b,Sanchez21_down,Sanchez,5012,2,-2.4541666666666666,-3.400430346596203,-5.426935936425135,-3.5394908987485856,-4.716421503973027,-6.504457722986335
ministral8b,Sanchez21_down,Sanchez,5013,2,-2.4541666666666666,-3.594593039110455,-3.5246994284603863,-3.5394908987485856,-4.92195672337848,-4.468946636446418
ministral8b,Sanchez21_down,Sanchez,5014,-6,-2.4541666666666666,-3.594593039110455,-3.553264058205123,-3.5394908987485856,-4.92195672337848,-4.612970317191708
ministral8b,Sanchez21_down,Sanchez,5015,4,-2.4541666666666666,-3.400430346596203,-3.1228855538049993,-3.5394908987485856,-4.716421503973027,-4.186362388823265
ministral8b,Sanchez21_down,Sanchez,5016,1,-2.4541666666666666,-3.594593039110455,-2.387527411817036,-3.5394908987485856,-4.92195672337848,-3.3758042454523114
ministral8b,Sanchez21_down,Sanchez,5017,0,-2.4541666666666666,-3.400430346596203,-3.531018948515625,-3.5394908987485856,-4.716421503973027,-4.454347457848139
ministral8b,Sanchez21_down,Sanchez,5018,-7,-2.4541666666666666,-3.9385746204125187,-3.1042415854544165,-3.5394908987485856,-5.286086046415985,-4.1378985560057675
ministral8b,Sanchez21_down,Sanchez,5019,-2,-2.4541666666666666,-3.1877491803501985,-4.080092863275821,-3.5394908987485856,-4.491283143963051,-5.042372244698882
ministral8b,Sanchez21_down,Sanchez,5020,-1,-2.4541666666666666,-3.400430346596203,-2.1959771768607963,-3.5394908987485856,-4.716421503973027,-3.1447595709059417
phi4_14b,Sanchez21_down,Sanchez,5001,0,-2.4541666666666666,-3.400430346596203,-3.5561304698751304,-1.6555318543799729,-2.5269409732699404,-2.573647484668165
phi4_14b,Sanchez21_down,Sanchez,5002,-4,-2.4541666666666666,-3.400430346596203,-3.4825952811488463,-1.6555318543799729,-2.5269409732699404,-2.5027084245572975
phi4_14b,Sanchez21_down,Sanchez,5003,-5,-2.4541666666666666,-2.952641058716269,-3.673495637331209,-1.6555318543799729,-2.0529237028045673,-2.6201918754485467
phi4_14b,Sanchez21_down,Sanchez,5004,9,-2.4541666666666666,-3.400430346596203,-2.612728777113186,-1.6555318543799729,-2.5269409732699404,-1.624529631372922
phi4_14b,Sanchez21_down,Sanchez,5005,-1,-2.4541666666666666,-3.7732054019498253,-3.623260876316581,-1.6555318543799729,-2.92155026612038,-2.572629856483387
phi4_14b,Sanchez21_down,Sanchez,5006,4,-2.4541666666666666,-3.594593039110455,-3.7590476414956666,-1.6555318543799729,-2.7324761926753927,-2.6856756852881634
phi4_14b,Sanchez21_down,Sanchez,5007,-6,-2.4541666666666666,-3.1877491803501985,-3.3709615798790025,-1.6555318543799729,-2.3018026132599645,-2.4287019555286453
phi4_14b,Sanchez21_down,Sanchez,5008,0,-2.4541666666666666,-3.400430346596203,-3.9063223040010984,-1.6555318543799729,-2.5269409732699404,-2.794408274577438
phi4_14b,Sanchez21_down,Sanchez,5009,-1,-2.4541666666666666,-3.594593039110455,-3.898128171807082,-1.6555318543799729,-2.7324761926753927,-2.9712538035925595
phi4_14b,Sanchez21_down,Sanchez,5010,2,-2.4541666666666666,-2.952641058716269,-2.639407045867834,-1.6555318543799729,-2.0529237028045673,-1.6226113426394781
phi4_14b,Sanchez21_down,Sanchez,5011,1,-2.4541666666666666,-3.400430346596203,-3.2068383234252797,-1.6555318543799729,-2.5269409732699404,-2.2366869491415464
phi4_14b,Sanchez21_down,Sanchez,5012,3,-2.4541666666666666,-3.1877491803501985,-3.3709615798790025,-1.6555318543799729,-2.3018026132599645,-2.4287019555286453
phi4_14b,Sanchez21_down,Sanchez,5013,-1,-2.4541666666666666,-3.400430346596203,-3.5035215489484344,-1.6555318543799729,-2.5269409732699404,-2.4578583048006797
phi4_14b,Sanchez21_down,Sanchez,5014,4,-2.4541666666666666,-3.594593039110455,-3.898128171807082,-1.6555318543799729,-2.7324761926753927,-2.9712538035925595
phi4_14b,Sanchez21_down,Sanchez,5015,4,-2.4541666666666666,-3.1877491803501985,-2.028128730005591,-1.6555318543799729,-2.3018026132599645,-1.2115208722479291
phi4_14b,Sanchez21_down,Sanchez,5016,-3,-2.4541666666666666,-2.68981253988624,-3.7534331325488135,-1.6555318543799729,-1.774700751813224,-2.721652274529119
phi4_14b,Sanchez21_down,Sanchez,5017,1,-2.4541666666666666,-3.400430346596203,-3.2068383234252797,-1.6555318543799729,-2.5269409732699404,-2.2366869491415464
phi4_14b,Sanchez21_down,Sanchez,5018,-6,-2.4541666666666666,-2.391842140794118,-1.7643406481011132,-1.6555318543799729,-1.4592775849799051,-0.6692498876668798
phi4_14b,Sanchez21_down,Sanchez,5019,8,-2.4541666666666666,-3.1877491803501985,-3.4429124926239716,-1.6555318543799729,-2.3018026132599645,-2.429649501736266
phi4_14b,Sanchez21_down,Sanchez,5020,-3,-2.4541666666666666,-3.400430346596203,-3.2068383234252797,-1.6555318543799729,-2.5269409732699404,-2.2366869491415464
qwen25_7b,Sanchez21_down,Sanchez,5001,-4,-2.4541666666666666,-3.594593039110455,-3.3872303417887157,-1.6964874857792904,-2.83714492385929,-2.8370324673871896
qwen25_7b,Sanchez21_down,Sanchez,5002,-9,-2.4541666666666666,-4.092529679574413,-3.5096406753312324,-1.6964874857792904,-3.364246785306029,-2.9002223387221546
qwen25_7b,Sanchez21_down,Sanchez,5003,-2,-2.4541666666666666,-4.092529679574413,-4.293866326373301,-1.6964874857792904,-3.364246785306029,-3.7993646416111275
qwen25_7b,Sanchez21_down,Sanchez,5004,5,-2.4541666666666666,-3.400430346596203,-4.273346258378332,-1.6964874857792904,-2.6316097044538376,-3.719370156789119
qwen25_7b,Sanchez21_down,Sanchez,5005,4,-2.4541666666666666,-2.952641058716269,-2.689224937297218,-1.6964874857792904,-2.157592433988464,-2.1797966005078995
qwen25_7b,Sanchez21_down,Sanchez,5006,0,-2.4541666666666666,-3.1877491803501985,-3.7044485044816944,-1.6964874857792904,-2.4064713444438617,-3.133206553767957
qwen25_7b,Sanchez21_down,Sanchez,5007,1,-2.4541666666666666,-4.49937353833467,-4.7619551743372135,-1.6964874857792904,-3.7949203647214564,-4.341791671307174
qwen25_7b,Sanchez21_down,Sanchez,5008,4,-2.4541666666666666,-2.952641058716269,-2.261566071807973,-1.6964874857792904,-2.157592433988464,-1.5941565416669774
qwen25_7b,Sanchez21_down,Sanchez,5009,9,-2.4541666666666666,-3.400430346596203,-3.666185554542629,-1.6964874857792904,-2.6316097044538376,-3.020913173240894
qwen25_7b,Sanchez21_down,Sanchez,5010,-1,-2.4541666666666666,-3.9385746204125187,-3.8662946825883147,-1.6964874857792904,-3.201274246896795,-3.2875932057759143
qwen25_7b,Sanchez21_down,Sanchez,5011,10,-2.4541666666666666,-2.68981253988624,-1.8863335555538352,-1.6964874857792904,-1.879369482997121,-1.3956220872162177
qwen25_7b,Sanchez21_down,Sanchez,5012,5,-2.4541666666666666,-3.1877491803501985,-3.237778378451589,-1.6964874857792904,-2.4064713444438617,-2.541195451730053
qwen25_7b,Sanchez21_down,Sanchez,5013,2,-2.4541666666666666,-3.400430346596203,-3.4800528105308297,-1.6964874857792904,-2.6316097044538376,-2.962755276564847
qwen25_7b,Sanchez21_down,Sanchez,5014,0,-2.4541666666666666,-3.9385746204125187,-4.057489982376239,-1.6964874857792904,-3.201274246896795,-3.6853946369624433
qwen25_7b,Sanchez21_down,Sanchez,5015,0,-2.4541666666666666,-2.952641058716269,-2.689224937297218,-1.6964874857792904,-2.157592433988464,-2.1797966005078995
qwen25_7b,Sanchez21_down,Sanchez,5016,2,-2.4541666666666666,-3.1877491803501985,-3.069007535917473,-1.6964874857792904,-2.4064713444438617,-2.5250897852314096
qwen25_7b,Sanchez21_down,Sanchez,5017,7,-2.4541666666666666,-3.400430346596203,-3.4800528105308297,-1.6964874857792904,-2.6316097044538376,-2.962755276564847
qwen25_7b,Sanchez21_down,Sanchez,5018,6,-2.4541666666666666,-3.9385746204125187,-4.355123592671612,-1.6964874857792904,-3.201274246896795,-3.8387747412338475
qwen25_7b,Sanchez21_down,Sanchez,5019,0,-2.4541666666666666,-3.7732054019498253,-4.441808097406656,-1.6964874857792904,-3.026218997304277,-3.9559791112251217
qwen25_7b,Sanchez21_down,Sanchez,5020,-3,-2.4541666666666666,-2.68981253988624,-2.7279643581434687,-1.6964874857792904,-1.879369482997121,-2.168694339345692
qwen3_8b,Sanchez21_down,Sanchez,5001,-2,-2.4541666666666666,-3.594593039110455,-3.8907378033313593,-3.998193970420944,-5.332718726268404,-5.282849530542711
qwen3_8b,Sanchez21_down,Sanchez,5002,2,-2.4541666666666666,-1.6410167007317968,-1.1390407188425016,-3.998193970420944,-3.2647172161199824,-2.1022425250728576
qwen3_8b,Sanchez21_down,Sanchez,5003,3,-2.4541666666666666,-3.400430346596203,-2.447769999322902,-3.998193970420944,-5.127183506862952,-3.586271630360893
qwen3_8b,Sanchez21_down,Sanchez,5004,-3,-2.4541666666666666,-2.952641058716269,-2.170855798755487,-3.998193970420944,-4.6531662363975785,-3.351826752983058
qwen3_8b,Sanchez21_down,Sanchez,5005,2,-2.4541666666666666,-3.9385746204125187,-4.433531535506481,-3.998193970420944,-5.69684804930591,-5.601523805910952
qwen3_8b,Sanchez21_down,Sanchez,5006,6,-2.4541666666666666,-3.400430346596203,-2.915487737560087,-3.998193970420944,-5.127183506862952,-3.95509583933438
qwen3_8b,Sanchez21_down,Sanchez,5007,1,-2.4541666666666666,-3.1877491803501985,-3.8518291341468887,-3.998193970420944,-4.902045146852976,-5.101237115471905
qwen3_8b,Sanchez21_down,Sanchez,5008,1,-2.4541666666666666,-3.400430346596203,-2.70095790630498,-3.998193970420944,-5.127183506862952,-3.8435283647002514
qwen3_8b,Sanchez21_down,Sanchez,5009,4,-2.4541666666666666,-3.400430346596203,-2.519910103529214,-3.998193970420944,-5.127183506862952,-3.660200698455535
qwen3_8b,Sanchez21_down,Sanchez,5010,-7,-2.4541666666666666,-2.68981253988624,-1.6136482121247966,-3.998193970420944,-4.374943285406236,-2.6461341326228704
qwen3_8b,Sanchez21_down,Sanchez,5011,3,-2.4541666666666666,-3.400430346596203,-2.719341703486551,-3.998193970420944,-5.127183506862952,-3.861263129727968
qwen3_8b,Sanchez21_down,Sanchez,5012,4,-2.4541666666666666,-3.400430346596203,-3.268065449893739,-3.998193970420944,-5.127183506862952,-4.399286096527021
qwen3_8b,Sanchez21_down,Sanchez,5013,-3,-2.4541666666666666,-3.400430346596203,-2.70095790630498,-3.998193970420944,-5.127183506862952,-3.8435283647002514
qwen3_8b,Sanchez21_down,Sanchez,5014,-2,-2.4541666666666666,-2.68981253988624,-1.351918469802261,-3.998193970420944,-4.374943285406236,-2.5037058559804644
qwen3_8b,Sanchez21_down,Sanchez,5015,1,-2.4541666666666666,-3.9385746204125187,-3.7984071777730013,-3.998193970420944,-5.69684804930591,-5.281788966726444
qwen3_8b,Sanchez21_down,Sanchez,5016,1,-2.4541666666666666,-2.391842140794118,-2.128651008728834,-3.998193970420944,-4.059520118572917,-3.143775978813241
qwen3_8b,Sanchez21_down,Sanchez,5017,3,-2.4541666666666666,-3.1877491803501985,-2.6245032532878527,-3.998193970420944,-4.902045146852976,-3.7411933020034187
qwen3_8b,Sanchez21_down,Sanchez,5018,2,-2.4541666666666666,-4.37182663682625,-5.363023557796305,-3.998193970420944,-6.155476569019676,-6.647203483823587
qwen3_8b,Sanchez21_down,Sanchez,5019,1,-2.4541666666666666,-3.9385746204125187,-3.950180348447732,-3.998193970420944,-5.69684804930591,-4.969647240501126
qwen3_8b,Sanchez21_down,Sanchez,5020,5,-2.4541666666666666,-3.9385746204125187,-4.223015180170641,-3.998193970420944,-5.69684804930591,-5.414361745614673
gemma3_4b,Steinhart_crispra_GD2_D22,CAR-T,5001,0,-2.351388888888889,3.721207594889354,3.0340435861739405,-3.6486491628614868,2.2800578526007045,1.5811352086563208
gemma3_4b,Steinhart_crispra_GD2_D22,CAR-T,5002,1,-2.351388888888889,6.108297531275092,3.709953953807775,-3.6486491628614868,4.706493987538181,2.734405100675595
gemma3_4b,Steinhart_crispra_GD2_D22,CAR-T,5003,1,-2.351388888888889,3.721207594889354,7.755795313056103,-3.6486491628614868,2.2800578526007045,6.2790977536168775
gemma3_4b,Steinhart_crispra_GD2_D22,CAR-T,5004,-1,-2.351388888888889,3.721207594889354,8.050904795986236,-3.6486491628614868,2.2800578526007045,6.57272041267691
gemma3_4b,Steinhart_crispra_GD2_D22,CAR-T,5005,0,-2.351388888888889,3.721207594889354,8.050904795986236,-3.6486491628614868,2.2800578526007045,6.57272041267691
gemma3_4b,Steinhart_crispra_GD2_D22,CAR-T,5006,-1,-2.351388888888889,2.324849496254847,2.9055004862809803,-3.6486491628614868,0.8606837032675028,1.2021652741590256
gemma3_4b,Steinhart_crispra_GD2_D22,CAR-T,5007,0,-2.351388888888889,3.721207594889354,8.050904795986236,-3.6486491628614868,2.2800578526007045,6.57272041267691
gemma3_4b,Steinhart_crispra_GD2_D22,CAR-T,5008,-3,-2.351388888888889,2.324849496254847,2.9055004862809803,-3.6486491628614868,0.8606837032675028,1.2021652741590256
gemma3_4b,Steinhart_crispra_GD2_D22,CAR-T,5009,-1,-2.351388888888889,2.324849496254847,6.374547671823221,-3.6486491628614868,0.8606837032675028,4.987759849483513
gemma3_4b,Steinhart_crispra_GD2_D22,CAR-T,5010,3,-2.351388888888889,3.721207594889354,8.346014278916371,-3.6486491628614868,2.2800578526007045,6.866343071736946
gemma3_4b,Steinhart_crispra_GD2_D22,CAR-T,5011,-2,-2.351388888888889,3.721207594889354,0.6731677227328601,-3.6486491628614868,2.2800578526007045,-0.7678460638239568
gemma3_4b,Steinhart_crispra_GD2_D22,CAR-T,5012,-2,-2.351388888888889,3.721207594889354,8.050904795986236,-3.6486491628614868,2.2800578526007045,6.57272041267691
gemma3_4b,Steinhart_crispra_GD2_D22,CAR-T,5013,-1,-2.351388888888889,0.5656463429581606,0.5671591066271753,-3.6486491628614868,-0.9275162446230465,-1.2077206628314374
gemma3_4b,Steinhart_crispra_GD2_D22,CAR-T,5014,1,-2.351388888888889,1.334117658503616,1.7973262877257885,-3.6486491628614868,-0.14637828233676986,0.3287891388584767
gemma3_4b,Steinhart_crispra_GD2_D22,CAR-T,5015,0,-2.351388888888889,3.721207594889354,4.8047004837547505,-3.6486491628614868,2.2800578526007045,3.3428711630165293
gemma3_4b,Steinhart_crispra_GD2_D22,CAR-T,5016,1,-2.351388888888889,2.324849496254847,1.5775078130953721,-3.6486491628614868,0.8606837032675028,-0.11913669161113072
gemma3_4b,Steinhart_crispra_GD2_D22,CAR-T,5017,0,-2.351388888888889,2.324849496254847,2.9055004862809803,-3.6486491628614868,0.8606837032675028,1.2021652741590256
gemma3_4b,Steinhart_crispra_GD2_D22,CAR-T,5018,-1,-2.351388888888889,3.721207594889354,7.755795313056103,-3.6486491628614868,2.2800578526007045,6.2790977536168775
gemma3_4b,Steinhart_crispra_GD2_D22,CAR-T,5019,0,-2.351388888888889,3.721207594889354,3.6242625520342107,-3.6486491628614868,2.2800578526007045,2.168380526776391
gemma3_4b,Steinhart_crispra_GD2_D22,CAR-T,5020,0,-2.351388888888889,2.324849496254847,2.295847128908725,-3.6486491628614868,0.8606837032675028,0.7474131071798995
llama31_8b,Steinhart_crispra_GD2_D22,CAR-T,5001,0,-2.351388888888889,1.334117658503616,3.042056248606697,-0.39385464231355294,3.2486531997309105,5.145861597522639
llama31_8b,Steinhart_crispra_GD2_D22,CAR-T,5002,0,-2.351388888888889,3.721207594889354,0.9682772056629951,-0.39385464231355294,5.675089334668385,3.1430152309264954
llama31_8b,Steinhart_crispra_GD2_D22,CAR-T,5003,0,-2.351388888888889,3.721207594889354,2.7389341032438055,-0.39385464231355294,5.675089334668385,4.9047511852867025
llama31_8b,Steinhart_crispra_GD2_D22,CAR-T,5004,-1,-2.351388888888889,1.334117658503616,0.8136280112920047,-0.39385464231355294,3.2486531997309105,2.967285577682112
llama31_8b,Steinhart_crispra_GD2_D22,CAR-T,5005,-2,-2.351388888888889,1.334117658503616,2.8112387948369304,-0.39385464231355294,3.2486531997309105,4.877582125196209
llama31_8b,Steinhart_crispra_GD2_D22,CAR-T,5006,0,-2.351388888888889,0.5656463429581606,-0.07674562717005662,-0.39385464231355294,2.467515237444634,1.6310000530268307
llama31_8b,Steinhart_crispra_GD2_D22,CAR-T,5007,-1,-2.351388888888889,1.334117658503616,0.8136280112920047,-0.39385464231355294,3.2486531997309105,2.967285577682112
llama31_8b,Steinhart_crispra_GD2_D22,CAR-T,5008,1,-2.351388888888889,3.721207594889354,3.9193720349643457,-0.39385464231355294,5.675089334668385,6.079241821526841
llama31_8b,Steinhart_crispra_GD2_D22,CAR-T,5009,1,-2.351388888888889,6.108297531275092,3.709953953807775,-0.39385464231355294,8.101525469605862,6.351643736366013
llama31_8b,Steinhart_crispra_GD2_D22,CAR-T,5010,1,-2.351388888888889,2.324849496254847,1.3242886354155146,-0.39385464231355294,4.255715185335184,3.610549645475525
llama31_8b,Steinhart_crispra_GD2_D22,CAR-T,5011,0,-2.351388888888889,2.324849496254847,3.451379712688723,-0.39385464231355294,4.255715185335184,5.939485468211101
llama31_8b,Steinhart_crispra_GD2_D22,CAR-T,5012,0,-2.351388888888889,6.108297531275092,3.709953953807775,-0.39385464231355294,8.101525469605862,6.351643736366013
llama31_8b,Steinhart_crispra_GD2_D22,CAR-T,5013,2,-2.351388888888889,6.108297531275092,3.709953953807775,-0.39385464231355294,8.101525469605862,6.351643736366013
llama31_8b,Steinhart_crispra_GD2_D22,CAR-T,5014,0,-2.351388888888889,0.5656463429581606,0.9173370618734826,-0.39385464231355294,2.467515237444634,3.088789211262996
llama31_8b,Steinhart_crispra_GD2_D22,CAR-T,5015,2,-2.351388888888889,2.324849496254847,5.4697848315208315,-0.39385464231355294,4.255715185335184,7.856623659134771
llama31_8b,Steinhart_crispra_GD2_D22,CAR-T,5016,2,-2.351388888888889,1.334117658503616,2.907676838577482,-0.39385464231355294,3.2486531997309105,4.915596905296617
llama31_8b,Steinhart_crispra_GD2_D22,CAR-T,5017,-1,-2.351388888888889,2.324849496254847,5.4697848315208315,-0.39385464231355294,4.255715185335184,7.856623659134771
llama31_8b,Steinhart_crispra_GD2_D22,CAR-T,5018,-1,-2.351388888888889,2.324849496254847,3.70459889036858,-0.39385464231355294,4.255715185335184,5.827037766814861
llama31_8b,Steinhart_crispra_GD2_D22,CAR-T,5019,0,-2.351388888888889,2.324849496254847,1.5775078130953721,-0.39385464231355294,4.255715185335184,3.498101944079288
llama31_8b,Steinhart_crispra_GD2_D22,CAR-T,5020,1,-2.351388888888889,1.334117658503616,2.5482753264869786,-0.39385464231355294,3.2486531997309105,4.596631059502977
ministral8b,Steinhart_crispra_GD2_D22,CAR-T,5001,3,-2.351388888888889,2.324849496254847,5.3695913517346,-3.5171423135464206,1.4805056389500328,5.049229494438578
ministral8b,Steinhart_crispra_GD2_D22,CAR-T,5002,4,-2.351388888888889,6.108297531275092,3.709953953807775,-3.5171423135464206,5.326315923220712,3.552840478703262
ministral8b,Steinhart_crispra_GD2_D22,CAR-T,5003,-3,-2.351388888888889,6.108297531275092,3.709953953807775,-3.5171423135464206,5.326315923220712,3.552840478703262
ministral8b,Steinhart_crispra_GD2_D22,CAR-T,5004,2,-2.351388888888889,6.108297531275092,3.709953953807775,-3.5171423135464206,5.326315923220712,3.552840478703262
ministral8b,Steinhart_crispra_GD2_D22,CAR-T,5005,0,-2.351388888888889,1.334117658503616,0.7152581836486269,-3.5171423135464206,0.4734436533457602,0.07060810033268305
ministral8b,Steinhart_crispra_GD2_D22,CAR-T,5006,-1,-2.351388888888889,3.721207594889354,0.9682772056629951,-3.5171423135464206,2.899879788283235,0.3442119732637452
ministral8b,Steinhart_crispra_GD2_D22,CAR-T,5007,0,-2.351388888888889,6.108297531275092,3.709953953807775,-3.5171423135464206,5.326315923220712,3.552840478703262
ministral8b,Steinhart_crispra_GD2_D22,CAR-T,5008,0,-2.351388888888889,2.324849496254847,0.8063362791746234,-3.5171423135464206,1.4805056389500328,-0.03762159691136491
ministral8b,Steinhart_crispra_GD2_D22,CAR-T,5009,-2,-2.351388888888889,6.108297531275092,3.709953953807775,-3.5171423135464206,5.326315923220712,3.552840478703262
ministral8b,Steinhart_crispra_GD2_D22,CAR-T,5010,3,-2.351388888888889,6.108297531275092,3.709953953807775,-3.5171423135464206,5.326315923220712,3.552840478703262
ministral8b,Steinhart_crispra_GD2_D22,CAR-T,5011,0,-2.351388888888889,3.721207594889354,0.9682772056629951,-3.5171423135464206,2.899879788283235,0.3442119732637452
ministral8b,Steinhart_crispra_GD2_D22,CAR-T,5012,-1,-2.351388888888889,1.334117658503616,0.6168883560052483,-3.5171423135464206,0.4734436533457602,-0.027266119353995144
ministral8b,Steinhart_crispra_GD2_D22,CAR-T,5013,0,-2.351388888888889,1.334117658503616,-1.6456176797924535,-3.5171423135464206,0.4734436533457602,-2.2783731721475946
ministral8b,Steinhart_crispra_GD2_D22,CAR-T,5014,1,-2.351388888888889,6.108297531275092,3.709953953807775,-3.5171423135464206,5.326315923220712,3.552840478703262
ministral8b,Steinhart_crispra_GD2_D22,CAR-T,5015,1,-2.351388888888889,3.721207594889354,1.2633866885931302,-3.5171423135464206,2.899879788283235,0.6378346323237793
ministral8b,Steinhart_crispra_GD2_D22,CAR-T,5016,-1,-2.351388888888889,3.721207594889354,7.755795313056103,-3.5171423135464206,2.899879788283235,7.0975331316445445
ministral8b,Steinhart_crispra_GD2_D22,CAR-T,5017,3,-2.351388888888889,3.721207594889354,8.346014278916371,-3.5171423135464206,2.899879788283235,7.684778449764613
ministral8b,Steinhart_crispra_GD2_D22,CAR-T,5018,-2,-2.351388888888889,2.324849496254847,-0.1986200409139971,-3.5171423135464206,1.4805056389500328,-0.7945873299839703
ministral8b,Steinhart_crispra_GD2_D22,CAR-T,5019,0,-2.351388888888889,6.108297531275092,3.709953953807775,-3.5171423135464206,5.326315923220712,3.552840478703262
ministral8b,Steinhart_crispra_GD2_D22,CAR-T,5020,-1,-2.351388888888889,6.108297531275092,3.709953953807775,-3.5171423135464206,5.326315923220712,3.552840478703262
phi4_14b,Steinhart_crispra_GD2_D22,CAR-T,5001,2,-2.351388888888889,2.324849496254847,3.2006099692111154,-1.4623477929984825,3.5863960881206567,4.254987546547262
phi4_14b,Steinhart_crispra_GD2_D22,CAR-T,5002,-1,-2.351388888888889,6.108297531275092,3.709953953807775,-1.4623477929984825,7.4322063723913345,5.493604714003796
phi4_14b,Steinhart_crispra_GD2_D22,CAR-T,5003,0,-2.351388888888889,1.334117658503616,2.614499139550173,-1.4623477929984825,2.5793341025163827,3.823794663460635
phi4_14b,Steinhart_crispra_GD2_D22,CAR-T,5004,2,-2.351388888888889,2.324849496254847,3.2006099692111154,-1.4623477929984825,3.5863960881206567,4.254987546547262
phi4_14b,Steinhart_crispra_GD2_D22,CAR-T,5005,0,-2.351388888888889,1.334117658503616,4.591554611931873,-1.4623477929984825,2.5793341025163827,6.080576255125553
phi4_14b,Steinhart_crispra_GD2_D22,CAR-T,5006,1,-2.351388888888889,1.334117658503616,2.6807229526133676,-1.4623477929984825,2.5793341025163827,3.9089972897805096
phi4_14b,Steinhart_crispra_GD2_D22,CAR-T,5007,2,-2.351388888888889,2.324849496254847,5.6841352261767195,-1.4623477929984825,3.5863960881206567,7.151123237658199
phi4_14b,Steinhart_crispra_GD2_D22,CAR-T,5008,1,-2.351388888888889,2.324849496254847,-0.3741016525459169,-1.4623477929984825,3.5863960881206567,0.7286520021490293
phi4_14b,Steinhart_crispra_GD2_D22,CAR-T,5009,0,-2.351388888888889,3.721207594889354,0.9682772056629951,-1.4623477929984825,5.0057702374538575,2.2849762085642777
phi4_14b,Steinhart_crispra_GD2_D22,CAR-T,5010,2,-2.351388888888889,6.108297531275092,3.709953953807775,-1.4623477929984825,7.4322063723913345,5.493604714003796
phi4_14b,Steinhart_crispra_GD2_D22,CAR-T,5011,0,-2.351388888888889,2.324849496254847,4.22255124660947,-1.4623477929984825,3.5863960881206567,5.818366729176784
phi4_14b,Steinhart_crispra_GD2_D22,CAR-T,5012,0,-2.351388888888889,1.334117658503616,3.007978450123687,-1.4623477929984825,2.5793341025163827,4.215291542207348
phi4_14b,Steinhart_crispra_GD2_D22,CAR-T,5013,0,-2.351388888888889,6.108297531275092,3.709953953807775,-1.4623477929984825,7.4322063723913345,5.493604714003796
phi4_14b,Steinhart_crispra_GD2_D22,CAR-T,5014,0,-2.351388888888889,3.721207594889354,1.2633866885931302,-1.4623477929984825,5.0057702374538575,2.578598867624312
phi4_14b,Steinhart_crispra_GD2_D22,CAR-T,5015,1,-2.351388888888889,1.334117658503616,4.8525862963789965,-1.4623477929984825,2.5793341025163827,6.301667881232513
phi4_14b,Steinhart_crispra_GD2_D22,CAR-T,5016,0,-2.351388888888889,1.334117658503616,1.2392533364457017,-1.4623477929984825,2.5793341025163827,2.51341502743341
phi4_14b,Steinhart_crispra_GD2_D22,CAR-T,5017,-1,-2.351388888888889,3.721207594889354,1.2633866885931302,-1.4623477929984825,5.0057702374538575,2.578598867624312
phi4_14b,Steinhart_crispra_GD2_D22,CAR-T,5018,0,-2.351388888888889,2.324849496254847,0.9872888472351016,-1.4623477929984825,3.5863960881206567,2.0528176035970014
phi4_14b,Steinhart_crispra_GD2_D22,CAR-T,5019,-1,-2.351388888888889,3.721207594889354,0.9682772056629951,-1.4623477929984825,5.0057702374538575,2.2849762085642777
phi4_14b,Steinhart_crispra_GD2_D22,CAR-T,5020,-2,-2.351388888888889,2.324849496254847,3.451379712688723,-1.4623477929984825,3.5863960881206567,5.081446445848885
qwen25_7b,Steinhart_crispra_GD2_D22,CAR-T,5001,1,-2.351388888888889,2.324849496254847,-0.19314908448543866,-1.4212519025875232,3.144807192975333,0.5822653950068557
qwen25_7b,Steinhart_crispra_GD2_D22,CAR-T,5002,2,-2.351388888888889,0.5656463429581606,3.129966831659891,-1.4212519025875232,1.356607245084784,4.039670570685081
qwen25_7b,Steinhart_crispra_GD2_D22,CAR-T,5003,3,-2.351388888888889,1.334117658503616,3.6946354597245095,-1.4212519025875232,2.13774520737106,4.544490068077819
qwen25_7b,Steinhart_crispra_GD2_D22,CAR-T,5004,3,-2.351388888888889,1.334117658503616,4.019959173332001,-1.4212519025875232,2.13774520737106,4.790924880918384
qwen25_7b,Steinhart_crispra_GD2_D22,CAR-T,5005,1,-2.351388888888889,2.324849496254847,6.488704586692878,-1.4212519025875232,3.144807192975333,7.594845584313909
qwen25_7b,Steinhart_crispra_GD2_D22,CAR-T,5006,1,-2.351388888888889,2.324849496254847,4.537095121051591,-1.4212519025875232,3.144807192975333,5.683434664745869
qwen25_7b,Steinhart_crispra_GD2_D22,CAR-T,5007,3,-2.351388888888889,1.334117658503616,4.019959173332001,-1.4212519025875232,2.13774520737106,4.790924880918384
qwen25_7b,Steinhart_crispra_GD2_D22,CAR-T,5008,5,-2.351388888888889,2.324849496254847,4.798806777386314,-1.4212519025875232,3.144807192975333,5.9741936881280875
qwen25_7b,Steinhart_crispra_GD2_D22,CAR-T,5009,0,-2.351388888888889,2.324849496254847,6.488704586692878,-1.4212519025875232,3.144807192975333,7.594845584313909
qwen25_7b,Steinhart_crispra_GD2_D22,CAR-T,5010,-1,-2.351388888888889,6.108297531275092,3.709953953807775,-1.4212519025875232,6.990617477246012,5.197543141653787
qwen25_7b,Steinhart_crispra_GD2_D22,CAR-T,5011,1,-2.351388888888889,2.324849496254847,-0.19314908448543866,-1.4212519025875232,3.144807192975333,0.5822653950068557
qwen25_7b,Steinhart_crispra_GD2_D22,CAR-T,5012,1,-2.351388888888889,1.334117658503616,3.1044164938642385,-1.4212519025875232,2.13774520737106,3.957244749957748
qwen25_7b,Steinhart_crispra_GD2_D22,CAR-T,5013,1,-2.351388888888889,2.324849496254847,3.3760915808430334,-1.4212519025875232,3.144807192975333,4.376450877364785
qwen25_7b,Steinhart_crispra_GD2_D22,CAR-T,5014,1,-2.351388888888889,1.334117658503616,3.1063482777670655,-1.4212519025875232,2.13774520737106,4.017104189544019
qwen25_7b,Steinhart_crispra_GD2_D22,CAR-T,5015,0,-2.351388888888889,0.5656463429581606,1.7791171469202873,-1.4212519025875232,1.356607245084784,2.447483586598191
qwen25_7b,Steinhart_crispra_GD2_D22,CAR-T,5016,-2,-2.351388888888889,2.324849496254847,6.488704586692878,-1.4212519025875232,3.144807192975333,7.594845584313909
qwen25_7b,Steinhart_crispra_GD2_D22,CAR-T,5017,-1,-2.351388888888889,3.721207594889354,0.9682772056629951,-1.4212519025875232,4.564181342308535,1.9889146362142704
qwen25_7b,Steinhart_crispra_GD2_D22,CAR-T,5018,2,-2.351388888888889,3.721207594889354,3.0340435861739405,-1.4212519025875232,4.564181342308535,4.044273249634513
qwen25_7b,Steinhart_crispra_GD2_D22,CAR-T,5019,1,-2.351388888888889,1.334117658503616,3.1063482777670655,-1.4212519025875232,2.13774520737106,4.017104189544019
qwen25_7b,Steinhart_crispra_GD2_D22,CAR-T,5020,1,-2.351388888888889,1.334117658503616,1.1614388199655497,-1.4212519025875232,2.13774520737106,1.7729941912459037
qwen3_8b,Steinhart_crispra_GD2_D22,CAR-T,5001,0,-2.351388888888889,3.721207594889354,1.5584961715232653,-3.6650875190258696,2.5028315340251885,0.8984904089755443
qwen3_8b,Steinhart_crispra_GD2_D22,CAR-T,5002,1,-2.351388888888889,3.721207594889354,0.6731677227328601,-3.6650875190258696,2.5028315340251885,0.017622431795440097
qwen3_8b,Steinhart_crispra_GD2_D22,CAR-T,5003,0,-2.351388888888889,2.324849496254847,-0.7360067886668724,-3.6650875190258696,1.0834573846919864,-1.5444290459754373
qwen3_8b,Steinhart_crispra_GD2_D22,CAR-T,5004,-3,-2.351388888888889,3.721207594889354,1.5584961715232653,-3.6650875190258696,2.5028315340251885,0.8984904089755443
qwen3_8b,Steinhart_crispra_GD2_D22,CAR-T,5005,1,-2.351388888888889,3.721207594889354,0.6731677227328601,-3.6650875190258696,2.5028315340251885,0.017622431795440097
qwen3_8b,Steinhart_crispra_GD2_D22,CAR-T,5006,-1,-2.351388888888889,6.108297531275092,3.709953953807775,-3.6650875190258696,4.929267668962666,3.519873596294993
qwen3_8b,Steinhart_crispra_GD2_D22,CAR-T,5007,3,-2.351388888888889,6.108297531275092,3.709953953807775,-3.6650875190258696,4.929267668962666,3.519873596294993
qwen3_8b,Steinhart_crispra_GD2_D22,CAR-T,5008,-3,-2.351388888888889,3.721207594889354,0.9682772056629951,-3.6650875190258696,2.5028315340251885,0.31124509085547425
qwen3_8b,Steinhart_crispra_GD2_D22,CAR-T,5009,0,-2.351388888888889,3.721207594889354,1.8536056544534003,-3.6650875190258696,2.5028315340251885,1.1921130680355785
qwen3_8b,Steinhart_crispra_GD2_D22,CAR-T,5010,0,-2.351388888888889,3.721207594889354,0.9682772056629951,-3.6650875190258696,2.5028315340251885,0.31124509085547425
qwen3_8b,Steinhart_crispra_GD2_D22,CAR-T,5011,-2,-2.351388888888889,3.721207594889354,1.5584961715232653,-3.6650875190258696,2.5028315340251885,0.8984904089755443
qwen3_8b,Steinhart_crispra_GD2_D22,CAR-T,5012,2,-2.351388888888889,3.721207594889354,0.6731677227328601,-3.6650875190258696,2.5028315340251885,0.017622431795440097
qwen3_8b,Steinhart_crispra_GD2_D22,CAR-T,5013,-1,-2.351388888888889,3.721207594889354,0.9682772056629951,-3.6650875190258696,2.5028315340251885,0.31124509085547425
qwen3_8b,Steinhart_crispra_GD2_D22,CAR-T,5014,0,-2.351388888888889,3.721207594889354,3.3291530691040756,-3.6650875190258696,2.5028315340251885,2.660226363335753
qwen3_8b,Steinhart_crispra_GD2_D22,CAR-T,5015,1,-2.351388888888889,3.721207594889354,4.509591000824615,-3.6650875190258696,2.5028315340251885,3.834716999575891
qwen3_8b,Steinhart_crispra_GD2_D22,CAR-T,5016,1,-2.351388888888889,3.721207594889354,0.6731677227328601,-3.6650875190258696,2.5028315340251885,0.017622431795440097
qwen3_8b,Steinhart_crispra_GD2_D22,CAR-T,5017,2,-2.351388888888889,6.108297531275092,3.709953953807775,-3.6650875190258696,4.929267668962666,3.519873596294993
qwen3_8b,Steinhart_crispra_GD2_D22,CAR-T,5018,-3,-2.351388888888889,3.721207594889354,4.509591000824615,-3.6650875190258696,2.5028315340251885,3.834716999575891
qwen3_8b,Steinhart_crispra_GD2_D22,CAR-T,5019,-1,-2.351388888888889,1.334117658503616,3.1044164938642385,-3.6650875190258696,0.07639539908771331,2.279575204598953
qwen3_8b,Steinhart_crispra_GD2_D22,CAR-T,5020,2,-2.351388888888889,6.108297531275092,3.709953953807775,-3.6650875190258696,4.929267668962666,3.519873596294993
